4	a	[@- | M @-] privative prefix, un-, -less.
4	a	[@] then (generally with a suffixed pronoun, e.g.a1-s8).
4	ab	[MYA < A my@;@p1 | M @b, N a1b] water.
4	abad	[@p1@t\' | M @b@d, N a1ba1d] populous, thriving, prosperous.
4	abadih	prosperity.
4	abadan	[@p@t@n\' | N a1ba1da1n] thriving, prosperous, cultivated.
4	abadanih	prosperity, cultivation.
4	abadixsay	[@p1@ths8@(d), v. pa1dixs8a1(y)] without authority, powerless.
4	abadixsayih	powerlessness; anarchy.
4	abadyawand	[@p1@tyd@wnd | J @b@dywn(d)] powerless, weak.
4	abadyawandih	powerlessness, weakness.
4	abag	[LWTE < A lwt-h | M @b@g, N (a)ba1] with.
4	abagih	[@p1@kyh] company, assistance.
4	abagenidan abagen	[@p1@kyn-ytn\'] accompany.
4	abahr	[@b@hl] portionless, deprived.
4	abam	[@p1@m | P @b@myh, N (a1)wa1m] loan, debt.
4	Aban	[@p1@n\' | M @b@n, N A1ba1n] cal. 8th month; 10th day.
4	aband	[@p1nd, v. pand | M @bnd] erring.
4	abandih	error.
4	abar	[QDM < A qdm; @p1l | M @br, N bar] up; on, over.
4	abar amadan	rise (sun).
4	abar axistan	rise up.
4	abar axramidan	step up.
4	abar burdan	undertake.
4	abar madan	cope with, comprehend.
4	abar nigeridan	consider.
4	abar nihumbidan	conceal.
4	abar nisastan	sit, be enthroned.
4	abar nisastan	seat, install.
4	abar rasidan	come to, upon.
4	abar rasidan o	attain.
4	abar	[@p1l] higher, superior.
4	abarag	[-g | M @brg] superior.
4	abaraganag	[-k@n(k)\'] superior.
4	abardar	[-tl, @wltl | M @brdr] higher.
4	abardom	[-twm | M @brdwm] highest.
4	abardomih	[-twmyh] superiority.
4	abargar	[@p1lgl] god, divinity.
4	abarigan	[@p1lyk(@n)\'] = abarag.
4	abarig	[@p1@ryk\' | M @b@ryg, J @b@ry] other.
4	abarman	[@p1lm@n\'] in charge.
4	abarmand	[@p1lm@nd] inheritance, privilege.
4	abarmanig	[@p1lm@nyk\'] noble.
4	abarmenisn	[@p1lmyns8n\'] proud, haughty.
4	abaron	[@p1@lwn\' | N wa1ru1n] contrary, wrong, sinful.
4	abaronih	sin.
4	abaroz	[@pl@wc] stronger.
4	abarozih	mastery.
4	abartan	[@p1ltn\'] arrogant.
4	abartanih	arrogance.
4	abarwez	[@p1lwyc | (M @brwyj, N parwe1z)] triumphant, victorious.
4	abarwezih	triumph, victory.
4	abarzen	v. ü2mas8k.
4	abaxs	[@p1hs8] repentant; regret.
4	abaxsih	repentance.
4	abaxsawand	[@p1hs8@wnd] regretful.
4	abaxsayidan abaxsay	[@p1hs8@d-ytn\' | M @bxs8@y-, N baxs8u1dan, baxs8a1y-] forgive, have mercy on.
4	abaxsayisn	mercy, forgiveness.
4	abaxsayisnig	forgiving, merciful.
4	abaxtar	[@p1@htl | M @b@xtr] planet.
4	abaxtar	[@p1@htl | (N ba1xtar `west\')] north.
4	abaydag	[@p1yt@k\', v. payda1g | M @byd@g] invisible.
4	abaydagih	invisibility.
4	abay abayed	[@p1@yt\' | M @b@yd, N ba1yad] it is necessary, fitting; must (+infinitive).
4	abayist	[@p1@dst\' | N ba1yist] it was necessary.
4	abayistan	[@p1@dstn\'] be necessary, fitting; desire, want.
4	abayisn	necessity.
4	abayisnig	necessary, fitting, seemly.
4	abaz	[LAWHL < A l-@(w)h2r; @p1@c | M @b@c, N ba1z, wa1] back, again, re-.
4	abaz dadan o	attribute, ascribe to.
4	abaz dastan	withhold, restrain, prevent.
4	abaz estadan az	abandon, desist from.
4	abaz kardan	open.
4	abaz kardan az	disengage from, wean.
4	abaz mandan	remain behind.
4	abaz padan	remain, stay.
4	abaz raftan	issue, go forth.
4	abaz wastan o	turn into, become.
4	abaz wirastan	rearrange.
4	abazsar	[LAWHLs@l] rebellious.
4	abazsarih	rebellion.
4	abcihrag	[@p1 cyhlk\'] holding the seed, essence of water.
4	abd	[@p1d | M @b+d, J @bd-] wonderful.
4	abd sahistan	seem wonderful (to) > marvel.
4	abdih	wonder.
4	abdan	[@p1d@n\'] water-holder.
4	abdast	[@p1dst\'] hand-guard.
4	abdom	[@p1dwm | M @bdwm] last, final(ly).
4	abdomih	finality, end.
4	abdsahist	[@p1dshst\'] wonderful.
4	abe	[@p1y(y)- | M @by-, N be1] without, -less.
4	abebar	[-bl] fruitless.
4	abebes	[-bys8] unharmed.
4	abebim	[-bym] fearless.
4	abebimih	fearlessness.
4	abeboy	[-bwd] senseless.
4	abeboyih	senselessness.
4	abebudih	[-bwt\', -bwtyh] deficiency.
4	abecim	[-cym] without reason, cause.
4	abedan	[@p1yt@n\'] of use, wanted.
4	abeguman	[-gwm@n\'] without doubt, certain.
4	abegumanih	certainty.
4	abemizag	[-m(y)ck\'] tasteless.
4	abemust	[-mwst\'] uncomplaining, content.
4	abeniyaz	[-nyd@c] free from want.
4	abeos	[-@ws8 | M @by@ws8, N be1ho1s8] senseless, unconscious.
4	abeosih	senselessness, unconsciousness.
4	aber	[@p1yl] very, much.
4	aberah	[@p1yl@s] erring.
4	abesar	[@p1ysl | M @bysr, N afsar] crown.
4	abesihenidan abesihen	[@p1shyn-ytn\', v. abesi1hi1dan] destroy.
4	abesihenisnih	destruction.
4	abesihidan abesih	[@p1s(y)h-ytn\' | M @bysyh-] perish, be destroyed.
4	abesihisnih	destruction, ruin.
4	abespardan	[@p1sp@ltn\') = abespurdan.
4	abespurdan abespar	[@p1spwltn\', @p1sp@l- | M @byspwrd, @bysp@r-, N sipurdan, sipa1r-] commit, entrust, consign.
4	abestag	[@p1(y)st@k\'] Avesta, the Mazdean scriptures.
4	abestam	[@p1st@m] = abesta1n.
4	abestan	[@p1st@n\'] refuge, support, trust.
4	abestan	[@p1ystn\' | P @bystn, N a1bistan] = a1bustan.
4	abesud	[@p1yy1 swt\'] profitless.
4	abesudih	profitlessness.
4	abes	[@bys8] harmless; unharmed, invulnerable.
4	abesih	harmlessness; invulnerability.
4	abewinah	[-wn@s | M @bywn@!] innocent.
4	abewizend	[-wznd] harmless, invulnerable, safe.
4	abezag	[@pyck\' | M @bycg, (N we1z8a)] pure, holy.
4	abezagih	purity, holiness.
4	abezar	[@p1yz@l, @p1yc@l | N be1za1r] free.
4	abgandan abgan	[LMYTWN-tn\' < A & rm@;@p1kn- | M @bgnd, @bgn-, N afgan-dan] throw.
4	abgar	[@p1k@l-] provide, promote.
4	abgenag	[@p1k6ynk\', MY Ak6ynk\' | N a1bgi1na] crystal, glass.
4	abgenagen	[yn\'] crystalline.
4	abig	[@p1yk\' | N a1bi1] aquatic, watery.
4	abilag	[@p1l+k\' | N a1bila] blister.
4	abim	[@bym] fearless.
4	abkamag	[@p1k@mk\' | N a1b-ka1ma] a thick, sour soup.
4	abnus	[@p1nws | (N a1bnu1s)] ebony.
4	aboy	[@bwd] senseless.
4	aboyih	senselessness.
4	abr	[@bl, @p1l | N abr] cloud.
4	abrang	[@p1lng | N aurang] glory, splendour.
4	abrastan abraz	[@p1l@stn\', @p1l@c- | M @br@st, N (afra1s8tan), afra1z-] lift, raise.
4	abraz	[@p1l@c | N afra1z] acclivity.
4	abresom	[@p1lys8(w)m | M @brys8wm, N abre1s8om] silk.
4	abresomen	[-yn\'] silken.
4	abroxtan abroz	[@p1lwhtn\', @p1lwc- | M @brwxt, @brwc-, N afro1xtan, afro1z-] light, kindle, illuminate, polish.
4	abrozisnih	illumination.
4	abtazan	[@p1tcn\'] watercourse.
4	abun	[@bwn\'] baseless, bottomless.
4	aburdframan	[@bwltplm@n\'] disobedient.
4	aburdframanih	disobedience.
4	aburnay	[@p1(w)ln@d, v. purna1y | N burna1] under age, child.
4	aburnayih	childhood.
4	aburnayag	[@p1(w)ln@(d)yk\'] child.
4	abus	[@p1ws] (woman) having just given birth.
4	abusih	childbirth.
4	abus tan	[@p1ws, -tn\' | M @bwws, v. a1bestan] pregnant.
4	abustanih	pregnancy.
4	abyoxtan abyoz	[@p1ywhtn\', @p1ywc-] join, mix.
4	abzan	[@p1zn\' | N a1b-zan] bath.
4	abzar	[@p1c@l, @p1z@l | M @bc@r, N afza1r] instrument, means; spice.
4	abzar	[@p1z@l | M @bz@r] skill, power; powerful.
4	abzaromand	[-@wmnd] skilled, able.
4	abzay abzayisn	v. abzu1dan.
4	abzon	[@p1zwn\' | M, J @bzwn, N afzu1n] increase, growth.
4	abzonig	[-yk\'] increasing, expansive, bountiful.
4	abzonigih	bountifulness.
4	abzudan abzay	[@p1zwtn\', @p1z@d- | M @bz@y-, N afzu1dan, afza1y-] increase, grow.
4	abzayisn	increase, growth.
4	acar	[@c@l] inevitable.
4	acarag	[-k\'] compelled.
4	adad	[@d@t\'] illegal, unjust.
4	adadih	injustice, illegality.
4	adadestan	[@-DYNA, -d@tst@n\'] illegal, unjust.
4	adadestanih	injustice, illegality.
4	adahm	[@d@hm] uninitiated.
4	adan	[@tn\' | P -@dn, N -a1dan] suffix forming secondary infinitives.
4	adan	[@d@n\' | M @d@n] ignorant.
4	adanih	ignorance.
4	adan	[@t@n\'] wealthy, solvent; wealth.
4	adanih	wealth.
4	adard	[@dlt\'] painless.
4	adarog	[@tlwk\'] a1taxs8 i1 a1daro1g: the simplest kind of sacred fire.
4	adehig	[@dhyk\'] indigenous, domestic.
4	aden	[@tyn\' | M @dyn] entry.
4	aden	[@dyn- | = M] bring, lead.
4	adist	[@tys8t\'] fire-stand.
4	adistag	[@dys8tk\'] *uninformed.
4	adug	[@twk\' | M @@dwg] capable.
4	adur	[@twr\' | M @dwr, N a1dar] fire; the god `Fire\'; cal. 9th month; 9th day.
4	adurestar	[@twrystl] ashes.
4	adurestaren	[-yn\'] ashen.
4	adurgah	[@twrg@s] fire altar.
4	afrah	[@p1l@s | M @@pr@h] teaching, doctrine.
4	afrasawand	[@p1ls@wnd] imperishable.
4	afridan afrin afur	[@p1lytn\', @p1lyn-, @p1wl- | M @p(w)ryd, @pwr-, P @fryn-, N a1fari1dan, a1fari1n-] praise, bless; create.
4	afrin	[@p1ryn\' | M @pryn, N a1fari1n] praise, blessing.
4	afrinagan	[-k@n\'] Afrinagan prayers.
4	afrosag	[@p1lws8k\' | N afro1s8ag a] a sweetmeat made of flour, butter, and honey.
4	afsalan	[@p1s@l@n\' | (N a1bsa1la1n)] springtime.
4	afsan	[@p1s@n\' | (M @@ps@ng), N afsa1na] story, fable.
4	afsardan afsar	[@p1sl-tn\'] cool down.
4	afsardan afsar	[@p1s@l-tn\'] cool, freeze, extinguish.
4	afsarisn	cooling.
4	afsay	v. afsu1dan.
4	afsenistan afsen	[@p1syn-stn\', v. abesi1he1n-i1dan] destroy.
4	afsenisn	destruction.
4	afson	[@p1swn\' | N afsu1n] spell, incantation.
4	afsos	[@p1sws | N afso1s] scorn, mockery.
4	afsosgar	[-gl] mocker.
4	afsudan afsay	[@p1swtn\', @p1s@d-] enchant, protect by spell.
4	afsandan afsan	[@p1s8@n-tn\' | N afs8a1ndan, afs8a1n-] spread, scatter, sow.
4	afsardan	[@p1s8@ltn\' | N afs8a1rdan] = afs8urdan.
4	afsurdan afsar	[@p1s8wltn\', @p1s8@l- | N afs8urdan, afs8a1r-] press, compress, crush.
4	afuridan afur	[@p1wl-ytn\', v. a1fri1dan] create.
4	afurisn	creation.
4	ag	[-k1 | M -g, N -a] suffix forming (i) adjectives, from nouns and verbal stems, (ii) nouns, from adjectives and present stems.
4	ag	[-@k\' | M @g, N -a1] suffix forming agent nouns from present stems.
4	agah	[@g@s] without rank.
4	agah	[@k@s | M @g@ (h), N a1ga1h] aware, knowing.
4	agahih	knowledge.
4	agahenidan agahen	[@k@syn-ytn\'] inform.
4	agandan agan	[@kn-dn\' | P @@gnd, N a1gandan, a1gan-] fill, stuff.
4	aganj	[@knc!] penniless.
4	agar	[HT, for A hn | M @gr, N agar] if.
4	agar	[@k@ l | M @g@r-] inactive, powerless.
4	agarih	inactivity, impotence.
4	agarenidan agaren	[@k@lyn-ytn\'] render powerless.
4	agarihistan agarih	[@k@lyh-stn\' | M @g@ryyh-] become powerless.
4	agden	[@k-, @gdyn\'] of evil religion, infidel.
4	agdenih	heterodoxy, non-Mazdean religion.
4	agenen	[@k(y)nyn\' | M (@)@g(y)nyn] together.
4	agos	[@kws8 | (P @gwc), N a1g+o1s8] embrace.
4	agowag	[@gwb@k\'] speechless, dumb.
4	agre	[@g+-, @klyy1 = Av. ag+rya-] highest, greatest.
4	agrift	[@glpt\' = Av. a1g‘r‘pta-] crime, offence; a degree of sin.
4	agriftar	[@glpt@l] intangible, impalpable.
4	aguman	[@gwm@n\'] without doubt, certain.
4	agumeg	[@gwmyk\' | M @gwmyg] unmixed, pure.
4	agumegih	purity.
4	agustan	[@kwstn\' | M @@gwst] hang up, suspend.
4	ahan	[@h(y)n\', @s(y)n\' | M @@hwn, N a1han] iron.
4	ahanen	[@synyn\'] iron, of iron.
4	ahangar	[-kl | N a1hangar] blacksmith.
4	ahang	[@hng] pull, draught.
4	ahanjidan	[@hncytn\'] = a1hixtan.
4	ahanuz	[@hnwc | M @hnwn-c, N hanu1z] yet, still.
4	ahen	= a1han, q.v.
4	ahid	[@hyt\' | M (@)@hyd] stain, impurity; confused.
4	ahidih	pollution; confusion.
4	ahixtan ahanj	[@hhtn\', @hnc- | M @hxtn, (@hynz-), N a1hi1xtan, a1hanj8-] draw out, pull up, extract.
4	ahla	[@hl@y | (M -@hr@y)] righteous (of Sro1s8).
4	ahlaw	[@hlwb\' | M @hlw] righteous.
4	ahlawih	righteousness.
4	ahlawdad	[@hlwb d@t\'] alms, charity.
4	ahlayih	[@hl@dyh] righteousness.
4	ahlomog	[@hlmwk\' | M @hlmwg] heretic.
4	ahlomogih	heresy.
4	ahog	[@hwk\' | M @@hwg, N a1ho1] fault, blemish.
4	ahogenidan ahogen	[@hwkyn-ytn\'] defile.
4	ahomanag	[@hwm@n@k\'] unlike.
4	ahos	[@hws8] deathless, immortal.
4	ahosih	immortality.
4	ahr	[@hl] dread, fury.
4	ahraftan ahram	[@hl@p1tn\', @hl@m- | M @hr@ptn, @hr@m-] raise, lead up.
4	Ahreman	[@hl(y)mn\' M @hrmyn, N Ahreman] the Evil Spirit.
4	Ahriswang	[@hlys8wng] = Ard.
4	ahug	[TYBA < A t2by@; @hwk\' | M (@)@hwg, N a1hu1] gazelle.
4	ahunawar	[@hnwl] the holiest prayer, beginning Yat+a1 ahu1 wairyo1.
4	ahunsand	[@hwnsnd] dissatisfied.
4	ahunsandih	dissatisfaction.
4	ahy	[KZY < A k-zy | M @hy] soon(est), first.
4	ajgahan	[@s8gh@n\' | M @jg@h@n, N az8gaha1n] lazy, indolent.
4	ajgahanih	laziness, indolence.
4	ak	[@k\' | N a30k] evil, harm.
4	ak	[-k\' | N -ak] diminutive suffix.
4	akamagomand	[@k@mk@wmnd] unwilling.
4	akanarag	[@kn@lk\' | M @qn@rg] unlimited, boundless.
4	akanaragih	boundlessness.
4	akard	[@krt\' | (M @gyrd)] not done, undone.
4	Akoman	[@kwmn\' | M @qwmn] Evil Thought, an arch-demon.
4	akomand	[@k@wmnd] evil, harmful.
4	ala	[@l+@y] oh! alas!
4	alag	[S8TLA, S8TRA < A s4t2r@;@lk\' | (M @@rg)] side.
4	alalag	[@l+@l+k\' | N la1la] anemone.
4	alay	v. a1lu1dan.
4	Aleksandar	[@l+ksndl | M @lxsyndr, N Iskandar] Alexander (of Macedon).
4	almast	[@l+m@s(t\') | (M @rm@s,) N alma1s] steel; diamond.
4	aludag	[@lwtk\'] defiled, polluted.
4	aludagih	defilement.
4	aludan alay	[@lwtn\',@l@d- | (M @rwd), N a1lu1dan, a1la1y-] defile, pollute.
4	aluh	[@lwh | M @@lwf, N a1luh] eagle.
4	alum	[@lwm] millet.
4	ama	[LNE < A l-nh | M @m@h, N ma1] we, us.
4	amadan ay	[YATWN-tn\' < A y@twn, & @th | M @mdn, @@y-, N a1madan, a1y-] come.
4	amahraspand	[@mhrsp1nd | M (@)mhr@spnd] a Holy Immortal.
4	amar	[@ml] countless, innumerable.
4	amar	[@m@l | N a1ma1r] reckoning, consideration.
4	amar	[@m@l-] reckon, calculate.
4	amarisn	reckoning.
4	amarag	[@mlk\'] countless.
4	amaragan	[@mlk@n\'] generality, commonalty.
4	amaraganig	[-yk\'] general.
4	amaraganiha	[-yh@] in general, generally.
4	amarg	[@mlg] deathless, undying.
4	amargih	deathlessness, immortality.
4	amargar	[@m@lgl | N a1ma1rgar] reckoner.
4	amawand	[@m@wnd] powerful, strong.
4	amawandih	power, strength.
4	ambag	[@mbk\' | N anbaj8a1t] a preserve, conserve.
4	ambar	[@mbl, @nbl | Ar. @anbar] ambergris.
4	ambarag	[@mblk\' | N anbara] hairless (animal).
4	amburdan	[h/@mbwltn\' | P @mb@r-] = hamba1ri1dan.
4	amenidar	[@mynyt@l] unthinking.
4	amextan amez	[@myhtn\', @myc- | M @myxtn, @myz-, N a1me1xtan, a1me1z-] mix.
4	amezisn	mixture; element.
4	amiz	[@myc] side dish, vegetables.
4	amoxtan amoz	read hammo1xtan, hammo1z-.
4	Amurdad	[@m(w)rdt\' | N murda1d] Immortality, the sixth Amahraspand, guardian of plants and food; cal. 5th month; 7th day.
4	amurzidan amurz	[@mwlc-ytn\' | M @mwrz-yd, N a1murzi1dan, a1murz-] forgive, pity, have mercy on.
4	amurzisn	mercy, forgiveness.
4	amwastan	[h/@mws8tn\' | P @mws8t] gather, collect.
4	an	[@n- | M @n-] prevocalic privative prefix, un-, -less.
4	an	[ZK < A zk; @n\' M h@n, N a1n] that, he.
4	an i	that of; with a qualifier preceding a noun, equivalent to a following i1 e.g. a1n i1 ahlawa1n ruwa1n = ruwa1n i1 ahlawa1n, the souls of the righteous.
4	an	[-@n\' | M -@n, N -a1n] suffix forming (i) present participles, (ii) adverbs, (iii) plurals.
4	anab anabisn	v. a1na1ftan.
4	anabadan	[@n@p1@t@n\'] uncultivated.
4	anabaxsawand	[@n@p1hs8@wnd] unrepentant.
4	anabaxsawandih	unrepentance.
4	anabay	[@n@p1@d] unfitting, improper.
4	anabedan	[@n@p1yt@n\'] useless, unwanted.
4	anabedanih	uselessness.
4	anabuhlag	[@n@p1whlk\' = Av. ana1p‘r‘t+a-] inexpiable, unatonable; the highest degree of sin.
4	anabzar	[@n@p1z@l] unskilled, incapable.
4	anabzarih	inability.
4	anadan	[@n@t@n\'] insolvent.
4	anadanih	insolvency.
4	anadug	[@n@twk\'] incapable.
4	anafsenisn	[@n@p1syns8n\'] indestructible.
4	anaftan anab	[@n@p1tn\', @n@p1- | M @n@pt, (@n@m-)] avert, reject, frustrate.
4	anabisn	avoidance, warding off.
4	anag	[@n@k\' | M @n@g] evil.
4	anagih	evil, harm.
4	anagah	[@n@k@s] | N na1ga1h] unaware, unwitting.
4	anagkardar	[@n@k\' krt@l] evil-doer, maleficent.
4	anagkunisn	[-kwns8n\'] evil-doer, maleficent.
4	anagr	[@ngl] infinite.
4	anagran	[-@n\' | M [@nyr@n] Infinite Light; cal. 30th day.
4	anagrrosnih	[-lws8n\',-lws8nyh] Infinite Light.
4	anahid	[@n@hyt\' | N na1hi1d] immaculate; a goddess; astr. Venus.
4	anahog	[@n@hwk\'] undefiled.
4	analud	[@n@lwt\'] undefiled.
4	anamcistig	[@n@mcs8tyk\'] unspecified.
4	anamurzid	[@n@mwlcyt\' | M @n@mwrz@yd] merciless.
4	anamurzisn	[@n@mwlcs8n\'] mercilessness.
4	anar	[@n@l | N ana1r] pomegranate.
4	anargel	[@n@lgyl | N na1rge1l] coconut.
4	anarzanig	[@n@lc@nyk\'] undeserving, unworthy.
4	anast	[@n AYT\'] non-existent.
4	anastih	non-existence.
4	anast	[@n@st\'] spoilt, destroyed.
4	anastih	destruction.
4	anastag	[@n@stk\'] = a1na1st.
4	anastawan	[@n-@stwb@n\', -@stwp@n\'] disbelieving.
4	anastawanih	disbelief.
4	anastih	[@n@s8tyh] discord, enmity; disquiet, unrest.
4	anay	v. a1ni1dan.
4	anayad	[@n@byd@t\'] forgotten.
4	anazarm	[@n@clm] without respect, dishonoured.
4	anazarmih	dishonour.
4	anazarmig	[-yk\'] dis-, un-honoured.
4	and	[@nd | = M,N and] so much, many.
4	andcand	[@ndcnd] as much as, however much.
4	andag	v. -endag.
4	andag	[@nd@k\' | P @nd@g] sorrow.
4	andaggen	[-(k)yn\' P @nd@gyn] sad, sorrowful.
4	andak	[@ndk\' | = M, N andak] little, few.
4	andar	[B6YN < A byn | M @ndr, N andar] in, among, towards, concerning.
4	andar abayed	it is necessary.
4	andar amadan	come in, enter.
4	andar awurdan	bring about, produce.
4	andar budan	be contained in.
4	andar sudan	enter, set (sun).
4	andar widardan	outstrip.
4	andarag	[@ndlg] in, between, among.
4	andarmah	[@ndlm@h] new moon.
4	andaron	[@ndlwn\' | M @ndrwn, N andaru1n] inside, within.
4	andarway	[@ndlw@d | (P @ndrw@z)] air, atmosphere.
4	andarwayig	[-yk\'] of the air, atmospheric.
4	andcand	v. and.
4	andoh	[@ndwh | M @ndwx-, N ando1h] sorrow.
4	andohgen	[-kn\' | N -gi1n] sad, sorrowful.
4	aner	[@n@yl] non-Aryan, ignoble.
4	anerih	ignobility, barbarity.
4	aneran	[@n@yl@n\'] non-Eran, the world beyond Eran.
4	anerang	[@n@ylng] blameless.
4	anespas	[@nsp1@s] ungrateful.
4	anespasih	ingratitude.
4	anguben	[DWBS8YA < A dbs8; @ngpyn\' | N angubi1n] honey.
4	angur	[ANBE < A §nb@; @ngwl | N angu1r] grape.
4	angust	[@ngwst\' | (N angus8t)] finger, toe; unit of length (3/4 in.).
4	angustarig	[-lyk\'] finger ring.
4	angustban	[-p@n\'] finger-guard, -stall.
4	anidan anay	[HYTYWN-tn\' < A hyty, & @th; @nytn\'] bring, lead.
4	anig	[@nyk\' | (N pe1s8a1ni1)] front, forehead.
4	aniz	[AHRN(y)c, v. any | N ni1z] other also.
4	anjir	[@ncyl | N anj8i1r] fig.
4	anodag	[@nwtk\' | M @nwdg] strange, alien.
4	anodagig	[-yk\'] foreign.
4	anoh anoy	[TME < A tmh | M @nwh,@wy] there.
4	anost	[@n@wst\'] infirm, unreliable.
4	anos	[@nws8] lit. immortal, i.e. the next life; elixir, antidote.
4	anos xwardan	risk death, fight to the death.
4	anosag	[@nws8k\' | M @nws8g, N ano1s8a] immortal.
4	anosagih	immortality.
4	anosagruwan	[-lwb@n\'] the late, deceased.
4	anosmar	[@n@ws8m@l] countless, innumerable.
4	anosxwar	[@nws8hwl] mortal.
4	anoy	v. a1no1h.
4	ansahrig	[@ns8tr\'yk\'] slave.
4	anummed	[@n@ wmyt\' | J @nwmyd, N naume1d] hopeless, despairing.
4	anuspurrig	[@n@wspwlyk\'] imperfect.
4	any	[AHRN < A @h2rn; (corruptly, ZK@y = *a1n-i1) | M @n(y)] other.
4	apattug	[@ptwk\'] impatient.
4	apayman	[@ptm@n\'] immoderate.
4	apaymanih	immoderation.
4	apedag	[@p1ytk\' | P @pyd(g)] lost, stray.
4	apedagdar	[-d@l] custodian of stray animals.
4	apetitig	[@p1tytyk\'] unrepentant, unconfessed.
4	apetitigih	unrepentance.
4	apetyarag	[@p1(y)tyd@lk\'] without misfortune, unassailed.
4	apohisn	[@p1whs8n\'] incorruptible.
4	appar	[@p1l | M @pr] robbery, theft.
4	appar	[@p1@l] taken away, removed.
4	apparih	removal, loss, deprivation.
4	apparag	[@p1lg] robber.
4	appurdan appar	[YHNCLWN-tn\' < A yhns2lwn, & ns2l; @p1l- | M @pwrd, @p(w)r-] steal.
4	apparisn	stealing, theft.
4	apursisnig	[@p1wrss8nyk\'] irresponsible.
4	apus	[@ BRE] without a son, childless.
4	ar	v. a1rdan.
4	aranj	[@lnc | N a1ranj8] elbow.
4	arast	[@r@st\'] untruth.
4	arastan aray	[@l@stn\', @l@d- | N a1ra1stan, a1ra1y-] prepare, arrange, adorn.
4	arayisn	arrangement, adornment.
4	arawag	[@lwb@k\'] immobile.
4	Ard	[@lt\' | M @yrd, N Ard] a goddess; cal. 25th day.
4	ard	[KHMA < A qmh2@; @lt\' | N a1rd] flour.
4	arda	[@lt@y | (M @rd@w)] righteous, truthful.
4	ardan ar	[THNN-tn\' < A & t2h2n; @l-tn\'] grind, mill.
4	ardayih	[@lt@dyh | M @rd@yyh] righteousness, rectitude.
4	ardig	[@ltyk\' | M @rdyg] battle.
4	ardikkar	[@ltykkl, -k6l | M @rdyqr] warlike, warrior.
4	ardikkarih	doing battle.
4	ardus	[{@ldws8 = Av. ar‘dus8-] a degree of sin.
4	Ardwahist	[@rtwhs8t\' | M @rdywhys8t, (N urdi1bihis8t)] Right, the second Amahraspand, guardian of fire; cal. 2nd month; 3rd day.
4	aresk	[@lys8k\' | M (@)rys8k, N ras8k] envy, jealousy.
4	aresken	[-yn\'] envious, jealous.
4	aresn	[@ls8n\' | M @@rys8n-, N (a)ris8] cubit.
4	argand	[@lgnd | N arg+and] horrible.
4	argawan	[@lgwk@n\' | N arg+awa1n] purple.
4	armest	[@lmys8t\'] inactive, infirm.
4	armestih	infirmity.
4	armestgah	[-g@s] secluded place for the infirm.
4	aroyisn	[@lwds8n\'] growth.
4	aroyisnig	[-yk\'] growing, vegetable.
4	ars	[@ls | M @rs, N ars] tear (drop).
4	artestar	[@ltys8t@l | N arte1s8da1r!] warrior.
4	artestarih	warriorhood.
4	arus	[@lws] white.
4	arwand	[@lwnd] swift, valiant; river Orontes.
4	arwandih	swiftness, valour.
4	arwes	[@lwys | M @rwys, N arwe1s] rope.
4	arz	[KSP\' < A ksp; @lc | N arz] worth, value.
4	Arzah	[@lz@h = Av. ar‘zahi1-] the eastern continent of the earth.
4	arzan	[Püg < A prg@; @lcn\' | N arzan] millet.
4	arzan	[@lc@n | M @rz@n, N arza1n] valuable, worthy.
4	arzanig	[-yk\'] worthy.
4	arzanigih	value, worth, worthiness.
4	arzidan arz	[@lc-ytn\' | N arzi1dan, arz-] be worth.
4	arzisn	value, worth.
4	arziz	[@lcyc | M @rzyz, N arzi1z] tin, lead.
4	arzizen	[-yn\'] tin, leaden.
4	arzog	[@lcwk\' | M @wrzwg, N a1rzo1] desire, lust.
4	arzomand	[@lc@wmnd | (N arj8umand)] valuable, worthy.
4	arzomandih	value, worth.
4	Arzur	[@lzwl] a demon; a mountain at the mouth of hell.
4	asag	[@s@ k\' | M @s@ g] innumerable, countless.
4	asan	[@s@n\' | N a1sa1n] at rest, easy, peaceful.
4	asanih	rest, ease, peace.
4	asar	[@sl] endless.
4	asay asayisn	v. a1su1dan.
4	asazag	[@sc@k\'] unfitting, unsuitable.
4	asazisnig	[@scs8n-yk\'] imperishable, permanent.
4	asazisnih	imperishability, permanence.
4	asej	[@syc] free from danger.
4	asem	[@sym | = M, N si1m] silver.
4	asemen	[-yn\' | N -in] silver(n).
4	asman	[@sm@n\' | = M, N a1sma1n] sky, heavens; cal. 27th day.
4	asn	[@sn\'] a1sn xrad: innate wisdom.
4	asnidag	[@snytk\'] = a1snu1dag.
4	asnudag	[@snwt(k)\'] cleansed, purified; pure, noble.
4	asohisn	[@swhs8n\') unfeeling.
4	asp	[SWSYA < A swsy@; @sp1 | N asp] horse; (chess) knight.
4	aspanur	[@sp@nwl] tomb.
4	aspas	[@sp@ s] ungrateful.
4	aspast	[@spst\' | N aspast] clover, lucerne.
4	aspinj	[@spnc | P §spynj, N sipanj8] hospitality; inn.
4	aspres	[@splys | N aspre1s] race-course.
4	asro	[@slwk\' = Av. a1t+rawa] priest.
4	asroih	priestly office.
4	asrokerpa	[@slw(k)\'klpk = Av. a1t+ro1 k‘hrp-] the form of fire.
4	asron	[@slwn\' = Av. a1t+rawan-] priest.
4	ast	[AYT\' < A @yty | M @st, N ast] is, exists.
4	astih	existence.
4	astag	[@st(k)\' | M @st(g), N hasta] bone; (fruit) stone.
4	astanag	[@st@nk\'] need, misfortune.
4	astanagomand	[@ wmnd] needy.
4	astar	[@st@l | M @st@r] sin.
4	astarenidan astaren	[@st@lyn-ytn\'] cause to sin.
4	astawan	[@stwb@n\', @stwp@n\' | M @@stw@n] confessing, professing.
4	astawanih	confession, belief.
4	astodan	[@stw(k)d@n\' | M @stwd@n] sepulchre, ossuary.
4	astomand	[@st@wmnd] corporeal, material.
4	astomandih	corporeality.
4	astuxan	[@sth(w)@n\' | N ustuxüwa1n] bone.
4	astwand	[@stwnd | = M] = asto1mand.
4	Astwihad	[@stwyd@t\'] the demon of death.
4	asudan asay	[@swtn\', @s@d- | N a1su1dan, a1sa1y-] rest, repose.
4	asayisn	rest, peace.
4	aswar	[@swb@l, @sp1w@l | N suwa1r] horseman, rider.
4	aswarih	horsemanship, riding.
4	asyab	[@sy@p1] (water-)mill.
4	asyag	[@sy@k\' | N a1sya1] mill(-stone).
4	as	[@s8] the evil eye.
4	asixtan asinj	[@s8yhtn\', @s8nc- | P @s8yxt] pour, flow, overflow.
4	askamb	[KLS6E < A krs@; @s8kmb\' | M §s8kmb, N s8ikam] belly, womb.
4	askambag	[-k\' | N s8ikamba] = as8kamb.
4	askarag	[@s8k@l(@)k\' | M @s8q@rg, N a1s8ka1ra1] obvious, evident.
4	askaragih	revelation, confession.
4	askaragenidan	[@s8k@l@kyn-ytn\'] reveal, confess.
4	askob	[@s8kwp | N a30s8ko1(b)] roof, ceiling.
4	askomb	[@s8kwm(b\')] = as8kamb.
4	asma	[LKWM < A l-kwm | M @s8m@(h), N s8uma1] you (pl.).
4	asnag	[@s8n@k\' | M @@s8n@g, N a1s8na1] known.
4	a0snawag	[@s8nw@k\' | M @s8nw@g, N s8unawa1] hearing.
4	a0snawagih	(sense of) hearing.
4	a0snudan asnaw	[OS8MEN-tn\' < A & s8m§; @s8nwtn\' | M s8nwdn, @s8nw-, N s8unu1dan, s8unaw-] hear, understand.
4	a0snawisn	hearing.
4	aso	[@s8wk\' = Av. as8awa] righteous.
4	asob	[@s8wp | P @@s8wb, N a1s8o1b] disturbance, turmoil.
4	Astad	[@s8t@t\' | M @s8t@d, N As8ta1d] the goddess Rectitude; cal. 26th day.
4	astag	[@s8tk\'] messenger.
4	astagih	mission.
4	astar	[@s8tl] whip.
4	astih	[@s8tyh | M @@s8t, N a1s8ti1] peace.
4	Aswahist	[@s8whs8t\'] = Ardwahis8t.
4	asyanag	[@s8yd@n(k)\' | (M @hy@ng,) N a1s8ya1na] nest, lair.
4	ataxs	[@ths8 = Av. a1tars8 | N a1tas8] fire.
4	awadag	[@wb@tk\' | J @w@ d] generation.
4	awahan	[@wb@hn\'] fortified place, stronghold.
4	awam	[@wb@m | M @w@m] time, season.
4	awand	[-@wnd | M -@w(y)nd] suffix forming adjectives of quality.
4	awar	[LPNME < A l-pn-h | M @wr] hither! come!
4	awar	v. a1wurdan.
4	awardag	[@wlt@k\'] undeviating.
4	awardisnig	[@wlts8nyk\'] immutable.
4	awardisnigih	immutability.
4	awarisn	[@wbls8n\' | M @wrys8n] abode, home.
4	awarzid	[@wlcyt\'] untilled.
4	awas	v. *a1wis8tan.
4	awaz	[@p1@c | N a1wa1z] voice, sound.
4	awazisnig	[@wcs8nyk\'] immobile.
4	awenidan awen	[@wyn-ytn\' | (P @bwyn-)] admonish, blame.
4	awenisn	blame, reproach.
4	awenisnig	blameworthy.
4	awenisnig	[@wyns8nyk\'] invisible.
4	awerag	[@wylk\'] = awe1ra1n.
4	aweran	[@wyl@n\', @p1yl@n\' | N we1ra1n] desolate, ruined.
4	awestad	[@wst@t\' | M @wyst@d, N o1sta1d] master (craftsman).
4	awestam	[@wst@m | M @wyst@m] province, district.
4	awestarag	[@wstlk\' | N ustura] razor.
4	awestardan awestar	[@wstl-tn\' P @wystr-, N suturdan] wipe; shave.
4	awestarisn	wiping.
4	awestwar	[@wstwb@l | M @wystw@r, N ustuwa1r] firm, reliable.
4	awestwarih	reliability, fimness.
4	awesan	[OLEs8@n, v. o1y | M @wys8@n, N e1s8a1n] they, those.
4	awinah	[@wn@s] innocent.
4	awinast	[@wnst\'] unharmed, immaculate.
4	awis	[@wbs8 | M @wys8] to him, it; postposition (= o1) to.
4	awistab	[@ws8t@p1 | M @wys8t@b, N s8ita1b] oppression.
4	awistadan awist	[@ws8t-@tn\' | P @wys8t@dn] stand.
4	awistaftan awistab	[@ws8t@p1-tn\' | M @wys8t@b-, N s8ita1ftan, s8ita1b-] oppress; hasten #({tr.).
4	awistan awas	[HTYMWN-tn\' < A h2tym, & h2tm; @wbs8tn\' | M @wys8t] seal.
4	awiyabanig	[@wyd@p1@nyk\' | N biya1ba1ni1] astr. fixed (star).
4	awizirisnig	[@wcyls8nyk\'] unavoidable, inevitable.
4	awurdan awar	[YHYTYWN-tn\' < A hyty, & @th | M @@wrd, @wr-, N a1wurdan, a1war-] bring.
4	axezidan	[@hycytn\'] = a1xistan.
4	axistan axez	[@hstn\', @hyc- | M @xyst, @xyz-] rise, stand up.
4	a0xramidan axram	[@hl@m-ytn\' | M @xr@m-, N xira1m-i1dan] stride, strut.
4	axtar	[@htl | M @xtr, N axtar] star, constellation, sign of the zodiac.
4	axtaramar	[@htl(@)m@l] astrologer.
4	axtaramarih	astrology.
4	axw	[@hw\'] being, existence, world.
4	axw	[@hw\' | M @wx] mind, will; vital force.
4	axw	[@hw\'] lord.
4	axwamn	[@hwmn\'] sleepless.
4	axwan	[@hw@n\'] = ü1axw.
4	axwarih	[@hw@lyh] unhappiness.
4	axwarr	[@hwl | N a1xur] manger, stable.
4	axwarrsalar	[-srd@l] head groom.
4	axwas	[@BSYM] unpleasant; unhappy.
4	axwasih	unhappiness.
4	axweskar	[@hwys8k@l] undutiful.
4	ay	[@y1 | N ay] that is to say.
4	ay	v. a1madan.
4	ayab	[@ywp | M @y@b, N ya1] or.
4	ayab	v. aya1ftan.
4	ayabag	[@y@p(@)k\'] acquisitive, receptive.
4	ayabagih	comprehension.
4	ayad	[@byd@t\' | M @y@d, N ya1d] memory.
4	ayadkardan	remember.
4	ayadgar	[-k@l | N aya1dga1r] memoir.
4	ayaft	[@dypt\' | M @@ypt, N a1yift] boon, favour, gift.
4	ayaftan ayab	[@y@p1-tn\' | M @y@pt, @y@b-, N ya1ftan, ya1b-] obtain, acquire, attain.
4	ayar	[hdyb@l | M hy@r, N ya1r] helper, friend.
4	ayarih	help, friendship.
4	ayardenidan ayarden	[@y@ltyn-ytn\'] boil, agitate.
4	ayardenisn	agitation.
4	ayardidan ayard	[@y@lt-ytn\' | M @y@rd-] be agitated, seethe.
4	ayaridan ayar	[hdyb@l-ytn\' | N ya1r-i1dan] 1. help, assist; 2. be able, dare.
4	ayaromand	[hdyb@l@wmnd | N ya1rmand] helpful, friendly.
4	ayaromandih	helpfulness, friendliness.
4	ayasidan ayas	[@b6yd6@s-ytn\' | M @y@s-] remember, be mindful of.
4	ayasisnih	memory.
4	ayastan	[@b6yd6@stn\' | M @y@st] = aya1si1dan.
4	ayism	[@ds8m] moon.
4	ayoxsust	[@ywkhs8wst\' = Av. ayo1xs8usta- | M @@ywxs8yst !] metal.
4	ayoxsusten	[-yn\'] metallic.
4	ayoxtan ayoz	[@ywhtn\', @ywc-] join, yoke.
4	ayozisn	union, alliance.
4	ayozidan	[@ywcytn\'] = a1yo1xtan.
4	ayozidan ayoz	[@ywc-ytn\' | P @@yws8t, @@ywz-] trouble, disturb; strive, struggle.
4	ayozisnih	endeavour, strife.
4	az	[MN < A mn; hc | M @c, z@, N az] from, than.
4	az	[@c\'] dragon.
4	az	[ANE < A @nh | P @z] I.
4	az	[@c | M @@z, N @] greed, lust.
4	azabar	[hcpl | M @c@br, N zabar] above.
4	azad	[@c@ t\' | M @@z@d, N a1za1d] I. noble; 2. free.
4	azadih	[@c@tyh] 1. freedom; 2. gratitude, thanks.
4	azadihguftan azadih hangardan azadih kardan pad azadih dastan	thank, give thanks.
4	azar	[@c@l | N a1za1r] torment.
4	azardan	[@cltn\' | M @@zyrdn] = a1za1rdan.
4	azardan azar	[@c@l-tn\' | N a1za1rdan, a1za1r-] torment, injure.
4	azarisn	torment, injury.
4	azarm	[@clm | M @@zrm, N a1zarm] honour, respect.
4	azarm	[@clm | M @@zrm-] harm, injury.
4	azarman	[@zlm@ n\'] ageless, unaging.
4	azarmig	[@clmyk\'] honoured, respected.
4	azarmigih	honour, respect.
4	azbay	[@zb@d-] invoke.
4	azbayisn	invocation.
4	azd	[@zd | = M] known.
4	Azdahag	[@cydh@k\' | M @zdh@g, (N az8daha1)] a legendary `dragon\' king, Daha1g.
4	azdenidan azden	[@zdyn-ytn\'] inform.
4	azer	[hcdl] | N ze1r] below, under.
4	azg	[@zg | N azg+] branch.
4	azis	[hcs8 | M @cys8, @zys8] from him, it; postposition (= az) from.
4	aziskeh	[-ks] inferior, subordinate.
4	azismeh	[-ms] superior.
4	azkamag	[@ck@mk\'] greedy.
4	azkamagih	greediness.
4	azmudan azmay	[@zmwtn\', @zm@d- | N a1zmu1dan] = uzmu1dan.
4	aznawar	[@zn@wl | M @zn] noble.
4	azraw	v. azruftan.
4	azray	[@zr@d-] adorn.
4	azruftan azraw	[(@)zlwp-tn\' | M @zrw-] go out, be extinguished.
4	azurdan	[@cwltn\' | N a1zurdan] = a1za1rdan.
4	azwar	[@cwl | N a1zwar] greedy.
4	azwarih	greed.
4	b	v. bu1dan.
4	babr	[bpl | N babr] tiger.
4	babrag	[bplk\'] beaver.
4	bad	v. -bed.
4	badag	[b@tk\' | N ba1da] wine, must.
4	bag	[b@g | (M b@w), N ba1g+] garden, orchard.
4	bagobaxt	[bkwbht\', b@gwkb@ht\' = Av. bat+o1.baxta-] fortune dispensed by the gods, providence.
4	bahr	[b@hl | M bhr, N bahr] part, portion, share, lot.
4	bahrag	[b@hlk\'] (az) a1n bahrag ra1y: on that account.
4	bahromand	[b@hl@wmnd | N bahramand] divisible, composite; prosperous.
4	bahromandih	compositeness; prosperity.
4	bahrwar	[b@hlwl | N bahrawar] endowed, provided.
4	bahrwarih	endowment, provision, advantage.
4	baj	[b@c | N ba1j8] tribute, tax.
4	baladur	[bl@twr | N bala1dur] marking nut.
4	balag	[b@lk\' | N ba1l] wing.
4	balay	[b@l@d | N ba1la1] height, stature.
4	balen	[b@lyn\'] top, peak.
4	balen	[b@lyn\' | N ba1li1n] cushion, pillow.
4	balengah	[-g@s] sleeping-platform, bench, couch.
4	balist	[b@lyst\' | (M b@ryst)] highest; summit; astr. exaltation.
4	balistih	highness, exaltedness.
4	balistig	[-yk\'] on high, exalted.
4	balis	[b@ls8n\'! | N ba1lis8] cushion, pillow.
4	bam	[b@m | = M] brilliance, glory, splendour.
4	bambisn	[MLKTA < A mlkt@; b@nbs8n\' | M b@nbys8n] queen.
4	bamdad	[b@md@t\' | M b@md@d, N ba1mda1d] dawn, morning.
4	bamig	[b@myk\'] brilliant, glorious.
4	ban	[-p@n\' | M -b@n, N -ba1n] suffix, -keeper, -guard.
4	band	[bnd | = P, N band] bond, link.
4	band	v. bastan.
4	bandag	[bndk\' | P bndg, N banda] servant.
4	bang	[bng | N bang] henbane.
4	banug	[b@nwk\' | N ba1nu1] lady.
4	bar	[bl | N bar] fruit, produce, profit.
4	bar barisn	v. burdan.
4	bar	[b@ l | N ba1r] time, occasion.
4	bar	[b@l | N ba1r] bank, shore.
4	bar	[b@l | M b@r, N ba1r] fruit.
4	bar	[b@l | M b@r, N ba1r] load, burden; duty.
4	barag	[b@lk\' | N ba1ra] mount, horse.
4	barbut	[blbwt\' | N barbut] lyre.
4	barestan	[b@lst@n\'] patient, resigned.
4	barestanih	patience, resignation.
4	barig barik	[b@lyk\' | N ba1ri1k (cf. ta1ri1g)] thin, fine, subtle.
4	barjamag	[b@ly@mk\' | N ba1r-j8a1ma] saddle-bag.
4	baromand	[bl@wmnd | N baro1mand] fruitful, prolific.
4	barsom	[blswm | M brswm] the bunch of twigs used in the Yasna ceremony.
4	barsnum	[bls8nwm] the major purification ritual.
4	bastan band	[ASLWN-tn\' < A & @sr; bstn\', bnd- | M bstn, (bn-), P bnd-, N bastan, band-] tie, bind.
4	bastan	[b@st@n\' | M b@yst@n, N ba1sta1n] always, often.
4	bas	[YHWWNs8 | M b@s8, N ba1s8] be! (imperative of bu1dan, q.v.)
4	baskuc	[bs8kwc] gryphon.
4	basn	[bs8n\' | = P] top, peak; stature; mane (v. bus8).
4	baw bawisn	v. bu1dan.
4	baxs baxsisn	v. baxtan.
4	baxt	[b(@)ht\' | N baxt] fortune, fate.
4	baxtan baxs	[HLKWN-tn\' < A & h2lq; b(@)htn\', bhs8- | M bxt, bxs8-, N baxs8i1dan] apportion, distribute.
4	baxsisn	bestowal, distribution.
4	bay	[ORHYA < A @lh; bk\', bg | M by] god, lord.
4	im bay	his Majesty.
4	oy bay	his late Majesty.
4	bayaspan	[by@sp@n\'] messenger, envoy.
4	bayaspanih	mission, embassy.
4	bayaspanig	[-yk\'] post-(horse).
4	baz	[b@c | N ba1z] hawk, falcon.
4	baza	[b@c@y | (N ba1zu1)] arm.
4	bazabanag	[-p@nk\'] arm-guard, brassard.
4	bazag	[bck\' | M bzg, N baza] sin, evil.
4	bazagih	= bazag.
4	bazakkar	[bckkl | M bzkr] sinful, sinner.
4	bazazanisnih	[b@c@y zns8nyh = Av. ba1zu.j8ata-] a degree of sin.
4	bazisn	[bcs8n\'] division, part.
4	bazm	[bzm | = M, N bazm] meal, feast.
4	bazmawurd	[-@wlt\' | N bazm-a1wurd] a sort of canape4.
4	be	[BRA < A br@ | M b@] but; out; be30... (enya1), except.
4	be... enya ... ne	except... (otherwise)... not.
4	beaz	without.
4	be	[BRA | M b@, N bi-] particle with verbs, with o1, of indefinable function.
4	bed	[-pt\' | M -byd, N -ba/i/ud] suffix, -lord, -master.
4	bedom	[bytwm | M bydwm] furthermost.
4	beganag	[byk@nk\' | N be1ga1na] strange; stranger.
4	begar	[byk@l | N be1ga1r] corve4e, forced labour.
4	beh	[byh | N bih] quince.
4	bel	[byl+ | (M byr), N be1l] spade.
4	belur	[bylwl | M bylwr, N bilu1r] crystal.
4	beron	[bylwn\' | M byrwn, N be1ru1n] outside.
4	bes	[bys8] pain, sorrow; harm, hostility.
4	besburdan	bear hostility.
4	bes besisn	v. bis8tan.
4	besaz	[bys8(@)z] healing, medicinal.
4	besazen	[bys8@z(yn)-, bys8(@)c(yn)- | M bys8@z-] heal, cure.
4	besazenisnih	healing.
4	besburdar	[bys8bwlt@l] hostile.
4	besidan	[bys8ytn\'] = bis8tan.
4	besomand	[bys8@wmnd] sorrowful.
4	bewar	[bywl | M bywr, N be1war] myriad, ten thousand.
4	bid	[byt\' | P byd] again.
4	bidaxs	[byths8] viceroy.
4	bijagan	[bck@n\'] medicinal.
4	bim	[bym] | = M, N bi1m] fear, terror.
4	bimgen	[-kn\'] fearful, terrible.
4	bimgenih	fearfulness.
4	bimomand	[-@wmnd] fearful.
4	bistag	[bstk\' | N busta] hazelnut.
4	bis	[bys8 | N bi1s8] aconite.
4	bistan bes	[bys8-tn\' | M bys8t, bys8-] hurt, torment.
4	besisn	harm, torment.
4	bizesk	[bcs8k\' | M bzys8k, N pizis8k] doctor, physician.
4	bob	[bwp | N bo1b] fine carpet.
4	bor	[bwl | N bo1r] reddish-brown, bay(horse).
4	borz	[bwlc | P bwrz] high.
4	borzwang	[bwlcw@ng] loud.
4	borzwangiha	[-yh@] aloud.
4	bowandag	[bwndk\' | M bwndg] complete, entire, perfect.
4	bowandagih	completeness, entirety, completion.
4	bowandagmenisnih	[-myns8nyh] right-mindedness.
4	boxtag	[bwhtk\' | M bwxtg] saved.
4	boxtagih	salvation.
4	boxtan boz	[bwhtn\', bwc-, | M bwxtn, bwz-] save, redeem.
4	bozisn	[-s8n\' | J bwzys8n/t, N po1zis8] salvation; apology.
4	boxtar	[bwht@l | M bwxt@r] saviour.
4	boxtarih	salvation.
4	boy	[bwd] perception, sense.
4	boy	[bwd | M bwy, N bo1y] smell, scent.
4	boyag	[bwd@k\' | M bwy@g, N bo1ya1] scented.
4	boydar	[bwdd@l | N bo1y-da1r] scented.
4	boyenidan boyen	[bwdyn-ytn\'] scent, perfume.
4	boyestan	[bwdst@n\' | M bwyst@n, N bo1sta1n] (flower) garden.
4	boyestanban	[-p@n\'] gardener.
4	boyidan boy	[bwd-ytn\' | N bo1yi1dan, bo1y-] smell (intr.)
4	boz bozisn	v. bo1xtan.
4	brad	[AH < A @h2; bl@t\' | M br@d] brother.
4	bradar	[bl@tl | M br@dr, N bira1dar] brother.
4	bradarod	[bl@tlwt\'] relative, rival, counterpart.
4	bradarodih	relationship, rivalry.
4	brah	[bl@h | N bara1h] brilliance, splendour.
4	brahmag	[bl(@)hm(k\') | M brhm(g)] form, manner, costume.
4	brahnag	[bl(@)hnk\' | M brhng, N barahna] naked.
4	bram	[b(w)l@m- | (P brm-)] weep, lament.
4	bramag	[-k\' | P -g] weeping, lamentation.
4	brazidan braz	[bl@c-ytn\' | M br@z-, N bara1zi1dan] shine, gleam.
4	brazisn	radiance, brightness.
4	brazisnig	shining, radiant.
4	breh	[bly(y)h] fate, destiny.
4	brehenidan brehen	[blyhyn-ytn\'] 1. create, fashion; 2. decree.
4	brehenag	[-@k\' decreeing.
4	brehenisn	1. creation; 2. decree, destiny.
4	brez	v. bris8tan.
4	brezan	[blycn\' | M bryzn, N bare1zan] oven.
4	bridan brin	[PSKWN-tn\' < A & psq; blytn\', blyn- | M bryd, N buri1dan] cut (off), sever.
4	brin	[blyn\'] cut, division, delimitation; limited, determined.
4	bringar	[-kl] determiner; decisive.
4	brinj	[blnc | N birinj8] rice.
4	brinj	[blnc | (M bryng), N birinj8] bronze, brass.
4	brinjen	[-yn\'] bronze, brazen.
4	brinomand	[blyn@wmnd] delimited.
4	bristan brez	[blys8tn\', blyc- | M bryz-, N biris8tan] roast.
4	brug	[blwk\' | M brwg, N abru1] (eye)brow.
4	budan baw	[YHWWN-tn\' < A yhwwn, & hwh; bwtn\', b- | M bwdn, bw-, N bu1dan] be, become.
4	bawisn	becoming, genesis.
4	buf	[bwp | N bu1f] owl.
4	bug	[bwk\'] owl.
4	buland	[bwlnd | = M, N buland] high.
4	bum	[bwm | N bu1m] land, earth, country.
4	bumcandag	[-cndk\'] earthquake.
4	bun	[bwn\' | = M, N bun] base, foundation, bottom.
4	bun	[bwn\' | N bun] = wan.
4	bunag	[bwnk\' | N buna] baggage; abode, camp.
4	bunagdastan	dwell, settle.
4	bundahisnih	[bwndhs8n\',-yh] primal creation.
4	bunih	[bwnyh] beginning.
4	bunist	[bwnys8t\' | = M] foundation.
4	bunistag	[-k\'] principle.
4	bunkadag	[bwnktk\'] original house, home.
4	bunxan	[bwnh@n\'] source.
4	bur burisn	v. buri1dan.
4	burag	[bwl@k\'] cutting, sharp.
4	buram	v. bra1m-.
4	burd	[bwlt\' | M bwrd] patient.
4	burdih	patience.
4	burdan bar	[YB6LWN-tn\' < A & ybl; bwltn\', bl- | M bwrd, br-, N burdan, bar-] carry, bear, take, endure.
4	barisn	bearing, behaviour.
4	burdar	[bwlt@l] bearer; womb.
4	burdarih	patience.
4	burdesnohr	[bwlt\' s8nwhl | P bwrdys8nwhr] grateful, thankful.
4	burg	[bwlg | (Ar. burj8)] tower.
4	buridan bur	[bwl-ytn\' | M bwr-, N buri1dan, bur-] = bri1dan.
4	burisn	cutting.
4	Burz	[bwlc] the god of agriculture.
4	Burzenmihr	[bwlcynmtr\'] the third major Fire of Sasanian Eran, that of husbandmen.
4	burzidan burz	[bwlc-ytn\'] praise, honour.
4	burzisn	praise, honour.
4	burzisnig	praiseworthy.
4	bus	[bws8 | N bus8] mane.
4	busasp	[bws8@sp | M bws8y@sp, N bu1s8a1sp] sleep, sloth; dream.
4	but	[bwt\' | = M, N but] Buddha; idol.
4	buz	[AZ < A §z; bwc | N buz] goat.
4	cabuk	[c@p1wk\' | N c8a1buk] agile, nimble; excellent.
4	cabukih	agility.
4	cadur	[c@twl | N c8a1dur] sheet, veil.
4	cagad	[ck@t\' | (N c8aka1d,) J c8eg+a1d] peak, summit.
4	cagar	[ckl] wife (of the second degree).
4	cah	[c@h | N c8a1h] pit, well.
4	cahar	[ALBA < A @rb§; ch@l | M ch@r, N c8aha1r] four.
4	cahardah	[ch@ldh | N c8aha1rdah] fourteen.
4	caharpay	[ch@lp@d | N c8aha1r-pa1y > c8a1rwa1] quadruped.
4	cakok	[ckwk | N c8ako1k, c8aka1wak] lark.
4	cakuc	[ckwc | N c8akus8] hammer.
4	cambar	[cmbl | N c8ambar] circle, hoop.
4	camisn	[cms8n\' | M cmbys8n (?)] urination; lavatory.
4	cand	[cnd | = M, N c8and] how many, much?; so many, much; some, a few.
4	candih	amount, quantity.
4	candal	[cndl | N c8andal] sandalwood.
4	candidan cand	[cnd-ytn\' | (M cn-ystn)] tremble, quake.
4	candisn	trembling, movement.
4	cang	[cng | M s8nng, N c8ang] harp.
4	cangsray	[-sl@d] harpist.
4	car	[c@l] = c8a1rag.
4	carag	[clk\' | M crg] pasture, grazing; flock.
4	carag	[c@lk\' | N c8a1ra] means, remedy.
4	caraggarih	[-glyh] ability, savoir faire.
4	carb	[clp | P crb, N c8arb] mild, gentle; fatty, oily.
4	carbih	gentleness; fattiness.
4	carbisn	[-s8n\'] fat, oil.
4	carbisnomand	[s8n@wmnd] oleaginous.
4	carm	[clm | M crm, N c8arm] skin, hide, leather.
4	carug	[c@lwk\' | N c8a1ru1] lime, mortar.
4	carugen	[-yn\'] limy.
4	carz	[clz | N c8arz] bustard.
4	casidan	[c@s8-ytn\'] = c8a1s8tan.
4	casm	[AYNE < A §ynh; cs8m | = M, N c8as8m] eye.
4	casmag	[cs8mk\' | M cs8mg, N c8as8ma] spring, source.
4	casmag	[cs8mk\'] renowned.
4	casmagah	[cs8mk@s | M cs8mg@h] obvious, public, notorious.
4	casmagahih	notoriety, condemnation.
4	casmaresk	[cs8m@lys8k\'] envious.
4	casmareskih	envy.
4	casmdid	[cs8m dyt\'] visible, obvious.
4	casnig	[s@s8nyk\' | M c@s8nyg, N c8a1s8ni1] taste.
4	cast	[c@s8t\' | N c8a1s8t] lunch, meal.
4	castag	[-k\' food.
4	castag	[c@s8tk\'] doctrine.
4	castan cas	[c@s8-tn\'] teach.
4	casisn	teaching.
4	catrang	[ctlng | (Ar. s8atranj8)] chess.
4	cawlagan	[cwpk@n\'! | Ar. s2awlaj8a1n, N c8auga1n] (curved) polo-stick; polo.
4	caxsagih	[chs8@kyh] (sense of) taste.
4	caxsisn	[chs8s8n\' | M, J cxs8-, N c8as8-] taste, flavour.
4	ce	[ME < A mh | M cy, N c8i] what, which.
4	ce ray	for what, why.
4	ceih	quiddity, essence.
4	ce	[ME, v. ü1c8e1] for, because, since, as, that.
4	ceewenag	[ME @dwynk\'] how.
4	ceewenagih	circumstances.
4	cegamiz	[cyk@m-c | M cyg@myc] c8ega1m-e1(w): a little; whatever.
4	cegamag	[cyk@mk\' | N c8(ag)a1ma] song, snatch.
4	ceh cehisn	v. ü2c8i1dan.
4	cehag	[cyhk\'] grief.
4	cehel	[40 | N c8ihil] forty.
4	cehwidarag	[cyhwtlg] = c8inwad puhl.
4	celan	[cyl@n\' | = M, N c8e1la1n] dagger.
4	celangar	[-kl, -gl | N c8e1la1ngar] swordsmith.
4	cer	[cyl | M cyr, N c8e1r] victorious, triumphant, brave.
4	cerih	bravery.
4	cerihistan cerih	[cylyh-stn\'] triumph, be victorious.
4	cidan cin	[cytn\', cyn- | M cyydn, cyn-, N c8i1dan, c8i1n-] gather, pile up.
4	cinisn	gathering.
4	cidan ceh	[cytn\', cyn- | M cy-] mourn, lament, grieve.
4	cehisn	lamentation.
4	cehisnig	mournful.
4	cihr	[cyhl | M cyhr, N c8ihr] form, shape, appearance, face.
4	cihrag	[cyhl(k\') | M cyhr, P -g, N c8ihr(ag)] seed, origin; nature, essence.
4	cihrenidan cihren	[cyhlyn-ytn\'] form.
4	cihrig	[cyhlyk\'] natural.
4	cihrsnasih	[cyhls8n@syh] physics.
4	cim	[c(y)m | M cym, N c8im] reason, cause, purpose, meaning.
4	cim ray	why?
4	cimgowagih	[cym gwb@kyh] logic.
4	cimig	[cymyk\'] purposeful.
4	cin cinisn	v. ü1c8i1dan.
4	cinag	[cynk\' | P cyng, N c8i1na] grain, bait.
4	cinar	[cyn@l | N c8ina1r] oriental plane tree.
4	cinwad	[cynw(p)t\'] c8inwad puhl: the `divider bridge\' which separates the souls of the righteous dead, who cross, from those of the wicked, who fall off.
4	cirag	[cl@g+ | P cr@g, N c8ira1g+] lamp.
4	cis	[MNDOM | P cys8] = tis, q.v.
4	ciyon	[cygwn\' | M c@wn, N c8u1n] as, like, how, when.
4	ciyon ka	as if.
4	ciyonih	nature, character.
4	cob	[cwp | N c8o1b] wood, stick.
4	cobag	[-k\' | N c8o1ba] wand, arrow shaft.
4	dabr	[dpl] sinner, deceiver.
4	dabr	[dpl] *dark-coloured.
4	dad	[dt\' | M dd, N dad] wild animal.
4	dad	[d@t\' | M d@d, N da1d] law, justice; those scriptures dealing with legal matters.
4	dad	[d@t\' | N da1d] age.
4	dad	[d@t\'] tooth.
4	dad	v. ahlaw-da1d.
4	dadan dah	[YHBWN-tn\' < A & yhb; d@tn\', dh- | M d@dn, (dy-), P dh- N da1dan, dah-, dih-] 1. give; 2. create.
4	dahisn	[dh(y)s8n\'] giving, donation; creation.
4	dadar	[d@t@l | N da1da1r] creator.
4	dadarih	creatorship.
4	dadestan	[DYNA < A dyn@; d@tst@n\' | M d@(d)yst@n, N da1(de)sta1n] judgement, justice, law; case, process.
4	dadgah	[d@t g@s] proper place, fire temple; = daxmag.
4	dadig	[d@tyk\'] legal, concerned with the Law.
4	dadmeh	[d@tms] adult, elder.
4	dadwar	[d@twbl | (M d@ywr, P d@dbr), N da1(d)war] judge.
4	dadwarih	judgement.
4	daftan dam	[dptn\', dm- | M dm-, N dam-i1dan] breathe, blow.
4	damisn	breath.
4	daftar	[dptl | N daftar] register, account-book.
4	dagr	[ALYK < A @ryk; dgl | M dgr > dyr, N de1r] long.
4	dagrand	[dglnd | N de1rand] long.
4	dagrandxwaday	[-hwt@y] eternal, of long dominion.
4	dagrpattay	[dgl pt@d] long-lasting.
4	dagrzaman	[-z6m@n\'] a long time.
4	dagrziwisn	[-zyws8n\'] long-lived.
4	dah	[10, ASLYA < A §s4r@ | M dh, N dah] ten.
4	dah dahisn	v. da1dan.
4	Dahag	[dh@k\' | (N Daha1k)] = Azdaha1g.
4	dahan	[PWME < A p(w)m-h | M dhyn, N daha1n] mouth.
4	dahibed	[dhywpt\' | M dhybyd] ruler, lord of the land.
4	dahigan	[dhywk@n\' | N dihga1n] countryman, farmer.
4	dahliz	[d@hlyc | (M dhryz), N dahli1z] portico.
4	dahm	[d@hm] virtuous, pious; a full member of the Mazdean community, initiate.
4	dahom	[d@hwm | M dhwm, N dahom] tenth.
4	dalman	[d@lmn\' | N da1l(man)] lammergeyer, eagle.
4	dam damisn	v. daftan.
4	dam	[d@m | = M] creature, creation.
4	dam	[d@m | = M, N da1m] tame animal.
4	dam	[d@m | P d@mg, N da1m] net, snare, trap.
4	damad	[d@m@t\' | M d@m@d, N da1ma1d] bridegroom, son-in-law.
4	damadih	condition of a bridegroom, son-in-law.
4	damenag	[dmynk\'] fan.
4	damidan	[dmytn\'] = daftan.
4	dan danisn	v. da1nistan.
4	dan	[-d@n\' | = M, N -da1n] suffix, -holder, -container.
4	danag	[d@n(k)\' | N da1na] seed, grain.
4	danag	[d@n@k\' | M d@n@g, N da1na1] knowing, wise.
4	danagih	knowledge, wisdom.
4	dandan	[KKA < A kk@; dnd@n\' | = M, N danda1n] tooth.
4	danistan dan	[YDOYTWN-stn\' < A & yd§; d@n-stn\' | M d@n-ystn, N da1nistan, da1n-] know.
4	danisn	knowledge.
4	danisnomand	[-s8n@wmnd] knowing.
4	dar	[BBA < A bb@; dl | M dr, N dar] door; palace; chapter, subject.
4	dar	[d@l | M d@r-, N da1r] tree, gallows; wood.
4	dar darisn	v. da1s8tan.
4	dar	[-d@l | M -d@r, N -da1r] suffix, -holder, -keeper.
4	darag	[dl@g | J dara1g+, N dara1y] bell.
4	darak	[dlk\'] section, paragraph.
4	darband	[BBAbnd | N darband] gate.
4	darbas	[dlp@s] palace.
4	dard	[dlt\' | M drd, N dard] pain.
4	dardomand	[-@wmnd | M -wmnd, N dardmand] ill, suffering.
4	daren	[d@lyn\' | M d@rwyn] wooden.
4	dargah	[dlg@s | N darga1h] doorway.
4	dargardih	[d@lkrtyh | M d@rgyrdyh] crucifixion.
4	darhandarzbed	[BBA-, dl-hndlcpt\'] chamberlain.
4	darigbed	[dlykpt\'] palace superintendent.
4	darmag	[d@lmk\'] fine, delicate.
4	darman	[dlm@n\' | M drm@n, N darma1n] remedy, medicine.
4	darridan darr	[SDKWN-tn\' < A & sdq; dl-ytn\' | N darri1dan, darr-] split, tear.
4	darug	[d@lwk\' | M d@rwg, N da1ru1] drug, medicament.
4	darwazig	[d@lw@cyk\' | N da1r-ba1z] (pole-)acrobat.
4	darz	[dlc | N darz] seam.
4	darzig	[-yk\' | N darzi1] tailor.
4	das	[d@s | N da1s] sickle.
4	dasar	[d@sl = Av. da1t+ra-] gift, reward.
4	dast	[YDE < A yd-h; dst\' = M, N dast] hand.
4	dastag	[dstk\' | N dasta] bunch, bundle, group.
4	dastagird	[YDE-, dst-krt\' | M dstygyrd, N dastgird] estate.
4	dastgir	[dst OHDWN, (v. griftan) | N dast-gi1r] 1. helper; 2. captive.
4	dastgraw	[dstglwb\'] captivity.
4	dastkarih	[YDEk@lyh | N dast-ka1ri1] handiwork.
4	dastsoy	[dsts8wd] = go1me1z.
4	dastwar	[dstwbl | M dstwr, N dastu1r] authority, priest, minister.
4	dastwarih	custom; authority.
4	dastyar	[dstyd@l | (P dstd@r), N dastya1r] helper.
4	dastyarih	help, assistance.
4	dasn	[ds8n\' | = M] right hand.
4	dasn	[d@s8n\' | M d@s8(y)n] gift.
4	dasnag	[ds8nk\' | N das8na] 1. right hand; 2. dagger.
4	dast	[ds8t\' | = M, N das8t] plain, open ground.
4	dastan	[ds8t@n\' | N das8ta1n] menstruation, menstruous.
4	dastanestan	[-st@n\'] secluded place for menstruous women.
4	dastanmah	[-m@h] menstrual cycle.
4	dastanomand	[-@wmnd] menstruous.
4	dastan dar	[YHSNN-tn\' < A & h2sn; d@s8tn\', d@l- | M d@s8tn, d@r-, N da1s8tan, da1r-] have, hold, keep, preserve.
4	pad...dastan	hold by, to; take for.
4	pad ed dastan	[cf. N pinda1s8tan] consider.
4	pad ed dastanisn	preservation, maintenance.
4	dastar	[d@s8t@l] keeper, preserver.
4	daw	v. dawi1dan, dawistan.
4	dawal	[dwb@l | N dawa1l] leather, skin.
4	dawal	[dwb@l | N dawa1l] deceit, trickery.
4	dawidan daw	[LHTWN-tn\' < A & rht2; dwytn\', dwb- | M dw-, N dawi1dan, daw-] run.
4	dawidan daw	[dw-ytn\'] speak (daevic).
4	dawistan	[LHTWN-stn\', dwstn\'] = ü1, ü2 dawi1dan.
4	daxmag	[dhmk\' | P dxmg, N daxma] tomb, dakhma (a building where corpses are exposed for destruction).
4	daxmagestan	[-st@n\'] cemetery.
4	daxsag	[dhs8k\'] | M dxs8g] mark, sign, characteristic; memory.
4	pad daxsag dastan	remember.
4	az daxsag histan	forget.
4	daxsagomand	[-@wmnd] marked.
4	Day	[ddw\' | M dyy, N Day] Creator; cal. 10th month; 8th, 15th, 23rd days.
4	dayag	[d@yk\' | M d@yg-, N da1ya] (wet-)nurse.
4	dayaganih	[-@nyh] | (N da1yagi1)] nursing, nurture.
4	dazidan daz	[dc-ytn\'] burn, scorch.
4	dazisn	burning.
4	debag	[dyp@k\' | N de1ba1] brocade.
4	debahr	[dyp@hl | P dybhr] anger.
4	pad debahr dastan	banish.
4	deg	[dyk\' | N de1g] cauldron.
4	deh	[MTA < A mt@ | M dyh, N deh] country, land; village.
4	dehgan	[MTA-, d@hk@n\'] = dahiga1n.
4	den	[dyn\' | = M, N di1n] religion; cal. 24th day.
4	denar	[dyn@l | N di1na1r] (gold) dinar.
4	denastawan	[dyn@stwb@n\'] believing, faithful.
4	denburdar	[dynbwlt@l] believing, faithful.
4	denig	[dynyk\' | N di1ni1] religious.
4	denodag	[dynwtk\'] female, milch.
4	der derand	v. dagr, dagrand.
4	desag	[dys(k\') | M dys] form, appearance.
4	desidan des	[dys-ytn\' | M dys-yd] build.
4	dew	[S8DYA < A s8yd@, pl. s8ydy@ | N de1w] demon, devil.
4	dewan	[d(p)yw@n\' | N de1wa1n] archive, collected writings.
4	dewanag	[dyw@nk\' | N de1wa1na] demonic, mad.
4	dewar	[dyw@l | M dyw@r, N de1wa1r] wall.
4	dewesnih	[S8DY Aysnyh | (M dyw@snyh)] idolatry, devil-worship.
4	dewezagih	[S8DY Ayckyh] = de1w-e1sni1h.
4	dewok	[dywwk\' | N de1wuk] leech.
4	dibir	[dpy(w)r\' | M dbyr, N dibi1r] scribe.
4	dibirih	writing, scribeship.
4	dibirestan	[-st@n\' | N dibi1resta1n] school.
4	did	[TWB6 < A twb; dt\'] again, then, further.
4	didan wen	[HZ6YTWN-tn\' < A & h2zy; dytn\', wyn- | M dydn, wyn-, N di1dan, we1n-, bi1n-] see.
4	wenisn	sight, seeing.
4	wenisnig	visible.
4	didar	[dyt@l | N di1da1r] sight; visible.
4	pad didar	[N padi1da1r] visible.
4	didom	[dtwm] second.
4	dil	[LB(B)ME < A lb(b)-h; dyl | = M, N dil] heart.
4	diler	[dyl+ywl, dl+yl | N dile1r] brave.
4	diz	[KLYTA < A qryt@; dc | M dyz, N diz] fortress.
4	do	[2, TLYN\' < A tryn | M dw, N du] two.
4	doaxwanig	[2 @hw@nyk\'] relating to both worlds.
4	doganag	[dwk@nk\' | M dwg@ng, N duga1na] double; twin.
4	dok	[dwk\' | N do1k] spindle.
4	dol	[dwl+ | N do1l] bucket; astr. Aquarius.
4	dopahikar	[dwptkl | N du-paikar] astr. Gemini.
4	dopay	[2 LGLE, dwp@d | N du-pa1] biped, human being.
4	dos	[dws | N do1s] gum; plaster.
4	dosaxwan	[2 shwn\'] two-tongued, deceitful.
4	dosen	[dwsyn\'] gummy; plastery; *glazed (pottery).
4	dost	[dwst\' | = M, N do1st] friend.
4	dostih	friendship, love.
4	dos	[dws8 | N do1s8] shoulder.
4	dos	[dws8 | N do1s8] last night, previous evening.
4	dos dosisn	v. ü1, ü2 do1s8i1dan, ü1do1xtan.
4	dosag	[dws8k\'] dear, loving.
4	dosagih	love.
4	dosaram	[dws8@lm | M dws8@rm] love.
4	dosastar	[dws8stl] west.
4	dosidan dos	[dws8-ytn\'] like, love.
4	dosisn	liking, pleasure.
4	dosidan	[dws8ytn\'] = ü1do1xtan.
4	dosizag	[dws8yck\' | (M dwxs8, J dws8kyzh), N do1s8i1za] maiden, virgin.
4	dosizagih	maidenhood, virginity.
4	dowom	[2wm | N do30wom] -second (in compound numerals).
4	doxtan dos	[dwhtn\', dws8- | N do1xtan, do1s8-] milk.
4	doxtan doz	[dwhtn\', dwc- | N do1xtan, do1z-] sew.
4	doysar	[dwysl = Av. do1it+ra-] eye.
4	doz	v. ü2do1xtan.
4	drafs	[dlps8 | P drfs8, N drafs8] banner.
4	drafsidan drafs	[dlps8-ytn\' | P drfs8-, N drafs8i1dan, drafs8-] 1. shine; 2. tremble.
4	drahm	[Z6WZ6N\' < A zwzn | M drhm, N dir(h)am] drachm.
4	drahnay	[dl(h)n@d] length.
4	dramanag	[dlmnk\' | N dirmana] wormwood.
4	drang	[dlng | N dirang] period, duration.
4	dranjidan dranj	[dlnc-ytn\'] speak.
4	dranjisn	speech.
4	draxt	[dl(@)ht\' | M drxt, N diraxt] tree.
4	dray drayisn	v. dra1yi1dan.
4	drayab	[dlyd@(p1) | M dry@b, N darya1(b)] sea.
4	drayabbar	[-b@l | N -ba1r] sea-shore.
4	drayanjoyisn	[dl@d@n ywds8n\'] one who speaks while eating.
4	drayanjoyisnih	(the sin of) speaking while eating.
4	drayidan	/ dra1yistan, dra1y- [dl@d-ytn\', -stn\' | M dr@yst, dr@y-, N dara1yi1dan] speak (daevic), chatter.
4	drayidanisn	chatter.
4	draz	[dl@c | N dira1z] long.
4	drem	[dlym] phlegm.
4	driyos	[dlgws8 | N daryo1s8, darwe1s8] poor, needy.
4	driyosih	poverty.
4	dro	[KDBA < A kdb@; dlwb\' | M drw, (N daro1g+)] lie, deceit.
4	drod	[S8RM < A s8lm; dlwt\' | M drwd, N daro1d] health, well-being, prosperity, peace.
4	drodadwarih	[KDBA d@twblyh] false judgement.
4	dron	[dlwn\' | N daru1na] bow.
4	dron	[dlwn\' | N daru1n] consecrated bread, ceremony in which c.b. is used.
4	dron yastan	consecrate the sacrificial bread.
4	dros	[dlws8] mark, branding; punishment.
4	drosag	[-k\'] *desolation.
4	drosidan dros	[dlws8-ytn\'] brand.
4	drosom	[dlws8wm] mark.
4	droz	v. druxtan.
4	drozan	[dlwcn\' | M, J drwzn] lying, liar.
4	drozanih	falsehood.
4	drubust	[dl(w)pws8t\'] fortress.
4	drubustih	defence, fortification.
4	drudan drun	[HCDLWN-tn\' < A & h2s2d | M dr§wd, (dwr-), N duru1dan, diraw-] reap, mow.
4	drust	[drw(y)st\' | (M dryst), N durust] right; well, healthy.
4	drustih	righteous; health.
4	drustabed	[drwystpt\'] chief physician.
4	drust	[dlws8t\' | N durus8t] harsh, rough, severe.
4	drustih	harshness, severity.
4	drustawaz drustewaz	[-@p1@c, -@yw@c] harsh-spoken.
4	druwand	[dlwnd | M drwnd] evil, sinful, unrighteous.
4	druwandih	sin, unrighteousness.
4	druxtan droz	[dlwhtn\', dlwc- | M drwxt, drwz-] lie, deceive.
4	druz	[dlwc | (P drwj)] demon.
4	dud	[dwt\' | M dwd, N du1d] smoke.
4	dudag	[dwtk\' | N du1da] family.
4	dudigar	[dtykl | M dwdygr, N di1gar] second.
4	duj	= dus8-.
4	dujdaft	[dws8dpt\'] ill-breathing, short of breath.
4	dujdanag	[dws8d@n@k\'] ignorant.
4	dujden	[dws8dyn\' | M dwjdyn-] of evil religion.
4	dujdoysarih	[dws8dwyslyh] the evil eye.
4	dujgand	[dws8gnd | P dwjgnd] stinking.
4	dujgandih	stench.
4	dumb	[dwm(b\') | N dum(b)] tail.
4	dumbomand	[-@wmnd] tailed.
4	dur	[LHYK\' < A rh2yq; dwl | M dwr, N du1r] far, distant, remote.
4	durgar	[dwlgl | N durgar] carpenter.
4	dusraw	[dwslwb\'] notorious, dishonoured.
4	dusrawih	notoriety, dishonour.
4	dus	[dws8- | = M] ill-, evil-.
4	dusih	evil, wickedness.
4	dusagah	[dws8@k@s] foolish, stupid, ignorant.
4	dusagahih	foolishness, stupidity.
4	dusarz	[-@lc] worthless.
4	duscasm	[-cs8m] envious.
4	duscasmih	envy.
4	duscihr	[-cyhl | M dws8cyhr] ugly, hideous.
4	dusewazih	[-@yw@cyh | (M dws8w@cyh)] evil speech, calumny.
4	dusfarrag	[-plg | P dws8fr] unfortunate.
4	dusfarragih	misfortune.
4	dusgowisn	[-gwbs8n\'] of evil speech, ill-spoken.
4	dushumat	[-hwmt\'] evil thought.
4	dushuxt	[-hwht\' | M dws8xwptyy!] evil speech.
4	duskam	[-k@m] ill-will, malevolence.
4	duskanig	[-knyk\'] hag.
4	duskar	[-kl] difficult.
4	duskunisn	[-kwns8n\'] of evil behaviour, ill-doing.
4	dusmat	[dws8mt\' = Av. dus8mata- | M dws8mtyy!] evil thought.
4	dusmen	[dws8m(y)n\' | = M, N dus8man] enemy.
4	dusmenih	enmity.
4	dusmenadih	[dws8mn@tyh | M dws8mny@dyh, J dws8mn@dy] enmity, hostility.
4	dusmenisn	[dws8-myns8n\'] of evil thought, ill-thinking.
4	dusnam	[-n@m | N dus8-na1m] abuse, insult.
4	dusox	[dws8hw\' | M dws8(w)x] hell.
4	dusoxig	[-yk\'] hellish.
4	duspadixsay	[dws8p@ths8@(d)] evil ruler.
4	duspadixsayih	evil rule, misrule.
4	dusram	[dws8l(@)m] unhappy.
4	dusramih	unhappiness.
4	duswar	[dws8@wl | M dws8w@r, N dus8wa1r] difficult, disagreeable.
4	duswarih	difficulty, trouble, misfortune.
4	duswir	[dws8-wyl] evil-minded.
4	duswurroyisnih	[-wlwds8nyh] heresy.
4	dusxem	[-hym] evil-natured.
4	dusxwadayih	[-hwt@yh] misrule.
4	dusxwar	[-hw@l | N dus8-xwa1r] = dus8wa1r.
4	dusxwarst	[dws8hwwls8t\' | M dws8xw@s8tyh!] evil deed.
4	duxt	[BRTE < A brt-h; dwht\' | M dwxt, N duxt] daughter.
4	duxtar	[dwhtl | N duxtar] daughter.
4	duzd	[GNBA < A gnb@; dwc(t) | M dwz, N duzd] thief.
4	duzdih	[dwc(d)yh] theft.
4	duzidag	[dwcytk\'] stolen; intercalary (days).
4	duzidan duz	[dwc-ytn\' | N duzdi1dan] steal.
4	dwaridan dwaristan dwar	[dwb@l-ytn\', -stn\' | M dw@r-] run, move (daevic).
4	dwarisn	abode (of demons), hell.
4	dwazdah	[dw@cdh | M dw@zdh, N duwa1zdah] twelve.
4	dwazdahan	[-@n\'] the zodiac.
4	e	[@y | (M hyb)] particle giving the present tense optative sense.
4	e	v. e1d, e1w.
4	ebarag	[@dyp@lk\', @dw@lk\' | N e1wa1r] evening.
4	ebgatih	[@ybgt\', -yh = Av. aib+i.gati-] (onslaught of) Evil; the Adversary.
4	ebsrusrim	[@yp-, @ybslwslym = Av. aib+isru1t+rima-] the ga1h from sunset to midnight.
4	ebyanghan	[@yp-, @ywby@nghn\', etc. = Av. aib+ya3\\hana-] sacred girdle, = kusti1g.
4	ec	[@yc | (P @ywyc), N he1c8] (with a negative) not any.
4	ecand	v. e1w-c8and.
4	ed	[HNA < A hn@ | M @yd] this; v. da1s8tan.
4	ed ray ce	[cf. N z-e1-ra1] because, since.
4	edar	[LTME < A l-tnh | M @ydr, N e1dar] here.
4	edon	[@ytwn\' | N e1du1n] thus, so.
4	edonih	(correct) manner.
4	eg	[ADYN\' < A @dyn | M @yg] then, thereupon.
4	ek	[@ywk\' | M yk, N yak] one.
4	ekanag	[@ywk@nk\' | N yaga1na] submissive, obedient.
4	ekanagih	submission, obedience.
4	ekdad	[@ywkd@t\'] sole-created.
4	emed	[@dmyt\'] hope.
4	en	[Z6NE < A znh | M §yn, N i1n] this.
4	en	[-yn\' | = M, N -i1n] suffix forming adjectives of material or quality.
4	endag	[-ndk\' | M -yndg, N -anda] suffix forming present participles.
4	enidan	[-yn-ytn\' | M -yn-ydn, (N -a1n-)] suffixes forming causative and transitive denominative verbs.
4	enoken	[@ynw(k)kyn\' = Av. *ae1no1.kae1na1-] heiress (under the obligation of continuing her father\'s line).
4	enya	[@yny@ | (M @n@y)] otherwise, moreover.
4	er	[@dl | M @yr, v. aze1r] down, below; low; under.
4	er ud abar	upside down.
4	er	[@yl] noble; hero.
4	erih	nobility, good conduct.
4	Eran	[@yl@n\' | N E1ra1n] Eran, (land of) the Aryans.
4	Eranag	[-k\'] an Eranian, Aryan.
4	erang	[@ylng] blame, condemnation; error, heresy.
4	erangih	= e1rang.
4	eranj	v. ü1, ü2 e1raxtan.
4	Eransahr	[@yl@ns8tr\' | N E1ra1n|-s8ahr] land of the Aryans.
4	Eranwez	[-wyc] (original) home of the Aryans.
4	eraxtan eranj	[@ylhtn\', @ylnc- | J @yrxt] blame, condemn, damn.
4	eraxtan eranj	[@ylhtn\', @ylnc- | M @§rxt, (@yrnz-)] fight, dispute.
4	eraxtar	[@ylht@l] warrior.
4	erkas	[@dlks8 | M @yrks8] (hands under the armpits in respectful) salutation, greeting.
4	erman	[@ylm@n\' | (M @ry@m@n), N e1rma1n] friend; a god.
4	ermanih	friendship.
4	ermanag	[@dlm@n(k)\'] humble.
4	ermenisnih	[@dlmyns8nyh] humility.
4	ertan	[@dltn\'] humble.
4	ertanih	humility.
4	erwar	[@ylw@l] befitting a hero.
4	erwarag	[@dlw@lk\' | J @rw@rh] jaw, cheek.
4	esm	[@ysm] = e1zm.
4	espø	v. spø.
4	e0stadan est	[YKOYMWN-tn\' < A yqym, & qwm; @st@tn\', @wst-@tn\' | M §yst-@dn, N e30sta1dan, e30st-] stand; be, continue (as auxiliary of the perfect continuous tense).
4	e0stisn	permanence, lasting, dwelling.
4	es	[@ys8 | N xe1s8] plough.
4	esnø	v. #f{s8nø.
4	ew	[I; HD < A h2d | M §yw, N -e1] a, one.
4	ewan	[@dwn\'] stalk, trunk.
4	ewan	[@dw@n\'] bridle.
4	ewar	[@ywl | J @yb+@g+] certain(ly), assured(ly).
4	ewarz	[@dwlc] movement.
4	ewarzidan ewarz	[@dwlc-ytn\'] move, travel.
4	ewarzig	[@dwlcyk\'] moving.
4	ewaz	[@yw@c] word, utterance.
4	ewaz	[@yw@c] sole, only.
4	ewazig	[-yk\'] particular, individual.
4	ewbar	[@ywb@l] once.
4	ewcand	[@y(w)cnd] some, a few.
4	ewen	[@dwyn\' | M @ywyn, (N a1yi1n)] manner, custom, form, propriety.
4	pad ewen	properly.
4	ewenag	[@dwynk\' | M @ywyng] = e1we1n; v. c8e1-.
4	ewenag	[@dwynk\' | (N a1yi1na)] mirror.
4	ewkardag	[@ywkrt(k)\', -kltk\'] united, joined.
4	ewmog	[@y(w)mwk\'] wearing (only) one shoe.
4	ewsan	[@yws@n\' | (N yak-sa1n)] uniform, (a)like.
4	ewsanih	uniformity, likeness.
4	ewtag	[@ywt@k\' | M §yw t@g, (N yakta1)] alone, single, individual.
4	ez	v. yaz-.
4	ezisn	[@ycs8n\'] worship.
4	ezm	[CYBA < A s2yb@ | N he1zum] firewood, fuel.
4	farr	v. xwarrah.
4	Farrobag	[plwb(@)g] the first major Fire of Sasanian Eran, that of priests and nobles.
4	farrox	[plhw\' | M prwx, N farrox] fortunate, blessed, happy.
4	farroxih	fortune, joy, happiness.
4	filasofa	[pyl@swkp@y] philosopher.
4	frabih	[plpyh | (P frbyw), N farbi30h] fat, stout.
4	Fradadafs	[pldtps8 = Av. fradad+afs8u1-] the south-eastern continent of the earth.
4	fradag	[MHL < A mh2r; plt@k\' | N farda1] tomorrow.
4	fradahisnih	[pl@dhs8nyh] increase, progress.
4	fradom	[AWLA < Ar. ! @wl@; pltwm | (M prtwm)] first.
4	fradomih	first, beginning.
4	fragan	[plk@n\'] base, foundation; origin.
4	fragandan fragan	[plkn-dn\'] lay foundations.
4	frahang	[pl@hng | N farhang] education; knowledge.
4	frahangestan	[-st@n\'] school.
4	frahanj	v. frahixtan.
4	frahist	[plh(y)st\' | (M pr@yst)] most (superlative of freh).
4	frahixtag	[plhhtk\' | N farhixta] educated, trained, skilled.
4	frahixtan frahanj	[plhhtn\', pl@hnc- | P frhynj-, N farhixtan] educate, teach, instruct.
4	framadar	[plm@t@l] commander, ruler, chief.
4	framan	[plm@n\' | M frm@n, N farma1n] order, command; a minor degree of sin.
4	framanburdar	[-bwlt@l | N -barda1r] obedient, submissive.
4	framay framayisn	v. framu1dan.
4	framos	[pl(@)mws8 | M pr@mws8, N fara1mo1s8] forgotten.
4	framosidan	[plmws8ytn\'] = framus8tan.
4	framudan framay	[plmwtn\', plm@d- | M prm@dn, prm@y-, N farmu1dan] order, command.
4	framayisn	order, commandment.
4	framustan framos	[pl(@)mws8-tn\' | M pr@mws8t, pr@mws8-, N fara1mus8tan] forget.
4	franaftan franam	[plnptn\', *plnm- | M prnpt, prnm-] go, proceed, depart.
4	franaftan franam	[pln@p1tn\', pln@m- | P frn@m-] 1. lead, conduct, remove, promote; 2. profess, propagate (faith).
4	franamisn	removal, promotion, profession.
4	frarast	[pl@l@st\'] a cubit (18 in.).
4	fraron	[pl@lwn\'] righteous, honest.
4	fraronih	righteousness, honesty.
4	frasang	[plsng | N farsang] parasang (4 Roman miles).
4	frasawand	[pls@wnd] perishable, transient.
4	frasawandih	transience.
4	frasp	[plsp | N farasp] roof-tree, beam, mast.
4	fras	[pls8] spear.
4	frasagird	[pls8krt\' | M prs8(y)gyrd] the Restoration (at the end of time).
4	frasagirdig	[-yk\'] of Eternity (after the Restoration).
4	frasamurw	[pls8mwlw\' | M frs8ymwrw] peacock.
4	frasn	[pls8n\'] question.
4	frawahr	[plw@hl | M prwhr-] man\'s immortal soul, guardian angel during his lifetime.
4	frawar	[plw@l | N farwa1r(a)] bastion.
4	fraward	[plwlt\' | M frwrd-] = frawahr.
4	frawardag	[plwltk\' | M prwrdg] letter, epistle.
4	frawardan frawar	[plw@l-tn\'] present, serve (food).
4	Frawardigan	[plwltyk@n\' | N farwardaga1n] festival of the frawards, the last five days of the twelfth month (Spandarmad) and the following five epacts (v. ga1ha1ni1g).
4	Frawardin	[plwltyn\' | M frwrdyn, N farwardi1n] cal. the first month; 19th day.
4	frax	[pl@hw\' | N fara1x] large, wide, spacious, ample, prosperous.
4	fraxih	plenty, prosperity.
4	fraxenidan fraxen	[pl@hwyn-ytn\'] enlarge, make prosper.
4	fray	[pl@y | M pr@y] more, much.
4	frayad	[plyd@t\' | M pry@d, N farya1d] help, assistance.
4	frayadidan frayad	[plyd@t-ytn\' | M pry@d-] help, assist.
4	frayadisn	help, assistance.
4	frayadisnig	helpful.
4	fraz	[pr@c | M pr@z, N fara1z] forth, forwards.
4	fraz abgandan	throw forward.
4	fraz az	after, apart from.
4	fraz brehenidan	fashion forth, create.
4	fraz griftan	undertake, perform; appoint, decide.
4	fraz o	up to.
4	frazaftan	[plcptn\' | (M przwps-)] finish, be perfected.
4	frazaftan frazam	[plc@p1tn\', plc@m- | M prz@ptn] finish, complete, perfect.
4	frazamisn	completion.
4	frazam	[plc@m | (N farj8a1m)] end, conclusion.
4	frazamenidan frazamen	[plc@myn-ytn\'] = fraza1ftan.
4	frazamperozih	[plc@m pylwcyh] final victory.
4	frazanag	[plc@nk\' | P frz@ng, N farza1na] wise, intelligent.
4	frazanagih	wisdom, intelligence.
4	frazand	[prz6nd | M frzynd, N farzand] child, son, offspring.
4	frazandih	sonship.
4	frazen	[plcyn\' | N farzi1n] (chess) queen (lit. `guard\').
4	freb	[plyp | N fire1b] deceit, deception.
4	freftan freb	[plyp-tn\' | N fire1ftan] deceive.
4	freftar	[plypt@l] deceiver; deceived.
4	freg	[plyk\' | M pryyg] shoulder(-blade).
4	freh	[plyh | N firih] more, much, = fra1y.
4	frehbudih	[-bwt\', bwtyh] excess.
4	frestadan frestidan frest	[S8D6R6WN-(y)tn\' < A & s8dr; plyst-@tn\', -ytn\' | M pryst-@d, N firista1dan] send.
4	frestag	[plystk\' | M prystg, (N firis8ta)] apostle, angel.
4	frez	[plyc] duty, obligation.
4	frezbanig frezwanig	[-p@nyk\', -w@nyk\'] obligatory.
4	frezbanih frezwanih	[-p@nyh, -w@nyh] fulfilling duties.
4	frod	[plwt\' | M prwd, N furo1(d)] down.
4	frodmand	[-m@nd] deficiency, shortcoming.
4	frog	[plwk\' | N furo1g+] brilliance, brightness.
4	frogihistan frogih	[plwkyh-stn\'] shine.
4	froxtan froxs	[MZB6NW-tn\' < A mzbn, & zbn | M prwxs8-, N furo1xtan, furo1s8-] sell.
4	frusag	[plws8k\' | N furs8a] beestings.
4	gabr	[gpl, gwbl | M gbr, N ? go1r] hollow, cavity, womb.
4	gabrih	hollowness.
4	gac	[gc | N gac8] plaster, gypsum.
4	gacen	[-yn\'] (made of) plaster.
4	gad	[gt\' = Av. gad+a1-] club, mace.
4	gadan gay	[SLYTWN-tn\' < A & sry ?; g@tn\' | N ga1dan, ga1y-] copulate with.
4	gadar	[g@t@l] husband.
4	gadwar	[gtwl = Av. gad+awara-] bearing a club.
4	gah	[g@s | M g@h, N ga1h] place, throne, bed.
4	gah	[g@s | N ga1h] time; a fifth division of the day; = ga1ha1nba1r.
4	gah	[g@s] a Gatha, hymn.
4	gahan	[g@s@n\'] the Gathas; those scriptures dealing with spiritual and theological matters.
4	gahanbar	[g@s@nb@l | N ga1hanba1r] the six divisions of the year, the five-day festivals celebrated at the ends of these.
4	gahanig	[g@s@nyk\'] relating to the Gathas; spiritual; the five epact days at the end of the year.
4	gahbed	[g@spt\' | N *gahbad] treasurer, banker.
4	gahbedih	treasurership.
4	gahl	[g(@)hl | N ga1l] sorghum, giant millet.
4	gahug	[g@hwk\'] bier.
4	gahwarag	[g@sw@lk\' | N ga30hwa1ra] cot, cradle.
4	gal	[g@l] household, following.
4	galog	[glwk\' | N gulo1] throat.
4	gam	[g@m | = M, N ga1m] pace, step, stride; a yard (3 ft.).
4	gam i do pay	a pace (5 ft.).
4	ganag	[-k@nk\' | M -g@ng, N -ga1na] suffix forming numerical adjectives, -fold.
4	gand	[gnd | N gand] stench.
4	gandag	[gndk\' | (M gng), N ganda] foul, stinking.
4	gandagih	stench.
4	gandanag	[gndn@k\' | N gandana1] leek.
4	gandum	[Hüg < A h2nt2h | (M gnwm), N gandum] wheat.
4	ganj	[gnc | (M gnz), N ganj8] treasure, treasury.
4	ganjwar	[-wbl | M -wr, N ganj8war] treasurer.
4	gannag	[gn@k\' | (P gnd@g)] foul, corrupt (v. gandag).
4	gannag menog	the Evil Spirit.
4	gannagih	corruption.
4	gar	[gl] mountain.
4	gar	[-kl, -gl | M -gr, N -gar] suffix forming actor nouns.
4	gar	[-k@l | M -g@r, N -ga1r] suffix forming actor nouns.
4	garan	[gl@n\' | M gr@n, N gira1n] heavy, serious, difficult.
4	garanih	heaviness, weight.
4	garasman	[glsm@n\' | M gr@sm@n] = garo1dma1n.
4	gard	[glt\' | N gard] dust.
4	gardan	[gltn\' | M grdn, N gardan] neck.
4	gardanag	[glt@n@k\'] die (for gaming).
4	gardanidan gardan	[glt@n-ytn\' | M grd(y)nydn, N garda1ni1dan, garda1n-] turn (tr.).
4	gardidan gard	[glt-ytn\' | M grd-, N gardi1dan, gard-] turn, revolve.
4	gardisn	revolution, turning.
4	garm	[glm | M grm, N garm] warm, hot.
4	garmih	warmth, heat.
4	garmabag	[glm@p1k\' | N garm-a1ba] bath-house.
4	garmag	[glm@k\' | M grm@g, N garma1] warmth, heat.
4	garmog	[glmwk\'] warm, ardent, fervent.
4	garmowarih	[glmwk wl(yh)] heat ordeal.
4	garmser	[glmsyl | N garmse1r] warm region, lowlands.
4	garodman	[glwtm@n\' = Av. garo1 d‘ma1na- | M grdm@n] paradise.
4	garodmanig	[-yk\'] (worthy) of paradise.
4	garranag	[gl@n@k\' | M grn@g ?] thunder.
4	garranidan garran	[gl@n-ytn\' | (N g+urri1dan)] roar, thunder.
4	garranisn	roaring.
4	garzag	[glck\' | N garza] snake, serpent.
4	garzidan garz	[glc-ytn\'] complain; confess.
4	garzisn	complaint.
4	garzisnig	complaining.
4	gaw	[gw\'] hand (daevic).
4	gaw	[TWRA < A twr@ | M g@w, N ga1w] ox, bull, cow; astr. Taurus.
4	gawars	[Püg < A prg@; g@wls | N ga1wars] sorghum, giant millet.
4	gawazn	[gw@zn\' | N gawazn] deer.
4	gawdar	[gwtl | N gawdar] calf.
4	gawdumb	[g@p1dwmb | N ga1wdum] horn, trumpet.
4	gawmes	[TWRAmys8 | N ga1(w)me1s8] buffalo.
4	gay	v. ga1dan.
4	Gayomart	[g@ywkmlt\' = Av. gayo1 mar‘ta | (M gyhmwrd), N Gayo1mart] the First Man.
4	gaz	[gc | N gaz] tamarisk.
4	gaz gazisn	v. gazi1dan.
4	gazag	[gc@k\'] biting.
4	gazar	[g@cl | N ga1zur] fuller, washerman.
4	gazdum	[gcdwm | N kaz8dum!] scorpion; astr. Scorpio.
4	gazidag	[gzytk\' | N gazi1d] poll-tax.
4	gazidan gaz	[gc-, gz-ytn\' | N gazi1dan, gaz-] bite, sting.
4	gazisn	biting.
4	geg	[gdk\' | M gyyg] thief.
4	gehan	[gyh@n\' | = M, N giha1n, j8aha1n] world.
4	gehanig	[-yk\'] worldly, mortal.
4	gen	[-k(y)n\' | M -gyn, N -gi1n] suffix forming adjectives of quality.
4	ges	[gys | (M gyswg, N ge1su1)] curls, locks.
4	getig	[gytyk6, gyty6d6y6 | M gytyg, N ge1ti1] 1. the material world; 2. worldly.
4	getigig	[-yk\'] worldly.
4	gil	[TYNA < A t2yn@; gl | N gil] clay.
4	gilag	[g(y)lk\' | N gila] complaint, lamentation.
4	gilagobar	[-@wp@l] swallowing complaint, suffering in silence.
4	gilen	[TYNAyn\' | N gili1n] (made of) clay.
4	gilistag	[glystk\'] home, dwelling of demons.
4	gir girisnig	v. griftan.
4	gird	[glt\' | M gyrd, N gird] round, circular; gathered.
4	o gird amadan	gather, collect (intr.).
4	o gird amadan kardan	gather, collect (tr.).
4	o gird amadanih	roundness.
4	girdag	[gltk\' | N girda] disk, round.
4	gisnag	[gs8nk\' | P gys8ng] short, small.
4	gisniz	[gs8nyc | N gis8ni1z] coriander.
4	giyah	[gy@h, gy1@h | (M gy@w), N giya1(h)] grass.
4	giyahizag	[-yck\'] a straw, blade of grass.
4	gizistag	[gcystk\' | J w/b+zsth] accursed, hateful.
4	gogird	[gwklt\' | M gwgyrd, N go1gird] sulphur.
4	gogirdomand	[-@wmnd] sulphurous.
4	gohr	[gwhl | M gwhr, N gauhar] substance, essence, nature; jewel; stock, lineage.
4	gohrag	[gwhlk\'] = go1hr.
4	gohragdanag	[-d@n@k\'] physicist.
4	gohrig	[gwhlyk\'] natural, essential.
4	gohrig	[gw(@)hlyk\'] equivalent, substitute, indemnity.
4	gokan	[gwk@n\'] details.
4	gokanig	[-yk\'] detailed; precisely.
4	gomez	[gwmyc | N gime1z] bull\'s urine (as ritual purifier).
4	gomez	[gwmyc- | N gime1z-] urinate.
4	gon	[gwn\' | N gu1n] colour, complexion.
4	gonag	[-k\' | M gwng, N gu1na] = go1n; sort, kind, form.
4	gor	[gwl | N go1r] onager, wild ass.
4	gospand	[KYNA < A qnyn@ ?; gwspnd | N go1spand] (small) cattle, sheep.
4	gospandcihrag	[-cyhlk\'] holding the seed of cattle.
4	gostan	[gwst@n\'] cattle-stall, cowshed.
4	gos	[gws8 | = M, N go1s8] ear.
4	Gos	[gws8 | N Go1s8] cal. 14th day.
4	gosag	[gws8k\' | N go1s8a] corner.
4	gososrud	[gws8@wslwt\' = Av. gaos8o1.sru1ta-] acquired, learnt.
4	gost	[BSLYA < A bsr@; gws8t\' | N go1s8t] meat, flesh.
4	goswar	[gws8w@l | N go1s8wa1r] ear-ring.
4	gow gowisn	v. guftan.
4	gowag	[gwb@k\' | M gw@g, N go1ya1] speaking, eloquent; speaker.
4	gowizar	[gwwc@l] explicit, in detail.
4	goy	[gwd | N go1y] ball.
4	goz	[gwc | N go1z] walnut.
4	gozenag	[gwzynk\' | N go1zi1na] a walnut sweetmeat.
4	Gozihr	[gwcyhl | Ar. j8awzahr] astr. the Dragon.
4	Gozihr dumb	the descending node of the moon.
4	Gozihr sar	the ascending node of the moon.
4	grab	[gl@p1 | P gr@b] womb.
4	gramag	[gl@mk\' | P gr@mg] possessions, wealth.
4	gramig	[gl@myk\' | M gr@myg, N gira1mi1] treasured, dear.
4	gramigih	affection, respect.
4	graw	[glwb\' | P grww] cane.
4	graw	[glwb\' | N giraw] pledge, security.
4	grawih grawagan	[glwk@n\' | M grwg@n, N girauga1n] = ü2graw.
4	grayidan gray	[gl@d-ytn\' | P gr@y-, N gira1y-] lean, incline; intend, desire.
4	griftan gir	[OHDWN-tn\' < A & @h2d; glptn\', gyl- | M grypt, gyr-, N giriftan, gi1r] take, hold, restrain.
4	girisnig	tangible.
4	griftar	[glpt@l | N girifta1r] held, taken; captive.
4	griftaromand	[-@wmnd] tangible.
4	grih	[glyh | N girih] knot.
4	griw	[CWLE < A s2wr-h; glyw\'] neck, throat.
4	griw	[CWLE, glyw\' | M gryw] self, soul.
4	griw	[glyw\' | P gryw, N giri1(b)] a grain measure, modius, peck.
4	griwag	[glywk\' | N giri1wa] hill, ridge.
4	griwban	[glywp@n\' | N giri1ba1n] neck-guard, gorget.
4	griyistan griy	[BK6YWN-stn\' < A & bky; gld-stn\' | M gryy-stn, N giri1stan, giry-] weep, cry.
4	groh	[glwh | N guro1h] group, crowd.
4	gubrag	[gwpl@k\'] awake, alert, vigilant.
4	gubras	[gwpl@s-] = wigra1s-, v. wigra1dan.
4	guftan gow	[YMRRWN-, YMLLWN-tn\' < A ymlwn, & mll; gwptn\', gwb- | M gwptn, gw-, N guftan, go1(w)-, go1(y)-] say, speak.
4	gowisn	speech.
4	guftar	[gwpt@l | N gufta1r] speaker.
4	guftarih	(power of) speech.
4	gugan	[gwk@n- | M gwg@n-] destroy.
4	gugaridan gugar	[gwk@l-(y)tn\' | N guwa1r-i1dan] digest.
4	gugay	[gwk@dy | M gwg@y, N guwa1h] witness.
4	gugayih	testimony.
4	guh	[gwh | N gu1h] dung, excrement.
4	guhrayenidan guhrayen	[gw@hl@yn-ytn\'] waken, arouse.
4	gul	[gwl | N gul] flower, rose.
4	guman	[gwm@n\' | = M, N guma1n] doubt.
4	gumangar	[-kl] casting doubt.
4	gumanig	[-yk\'] doubtful.
4	gumanih gumanigih	doubt.
4	gumardag	[gwm@ltk\'] appointee, deputy.
4	gumardan gumar	[gwm@l-tn\' | M gwm@r-dn, N guma1s8tan, guma1r-] appoint, commission, entrust.
4	gumbad	[gwmbt\' | N gumbad] dome, fire-temple.
4	gumeg	[gwmyk\' | M gwmyg] mixture.
4	gumextan gumez	[gwmyhtn\', gwmyc- | M gwmyxtn, gwmyz-] mix.
4	gumezisn	mixing, mixture; = gume1zagi1h.
4	gumezag	[gwmyck\'] mixture.
4	gumezagih	the Mixture, (the duration of) this material world.
4	gund	[gwnd | = P] army, troop; group, gathering.
4	gund	[gwnd | N gund] testicle.
4	gung	[g(w)ng | N gung] dumb.
4	gurbag	[gwlbk\' | N gurba] cat.
4	gurd	[gwlt\' | P gwrd, N gurd] hero.
4	gurdih	heroism, bravery.
4	gurdag	[gwltk\' | N gurda] kidney.
4	gurdih	[gwltyh] (some piece of) armour.
4	gurdwar	[gwltw@l] befitting a hero.
4	gurg	[gwlg | N gurg] wolf.
4	gurganig	[gwlg@nyk\' | N gurga1ni1] of (the province) Gurgan.
4	gursag	[gwlsk] | N gurusna !] hungry.
4	gursagih	hunger.
4	gusn	[gws8n\' | N gus8n] male.
4	gusnag	[gws8nk\' | J gus8na] hungry.
4	Gusnasp	[gws8n(@)sp1] the second major Fire of Sasanian Eran, that of warriors.
4	gyag	[gyw@k\' | M gy@g, N j8a1y] place.
4	gyagrob	[-lwp | N j8a1ro1(b)] broom.
4	gyan	[HYA < A h2y@; y@n\' | M gy@n, N j8a1n] soul, ghost.
4	gyan kandan	give up the ghost; moment of death.
4	gyanabespar	[-@p1sp@l | N j8a1n-sipa1r] reckless, desperate; devoted.
4	gyanig	[-yk\' | M -yg] spiritual; vital.
4	gyanwar	[-wl | (P -br), N j8a1nwar] animate; animal.
4	h	[HWE- < A & hwh; h- | M h-] be (defective verb).
4	had	[HWEt\' ! = Av. a1at20] now, then; that is (= a1).
4	had	[h@t\'] a section of the Yasna.
4	hadamansar	[h@tkm@nsl = Av. had+a.ma5t+ra-] those scriptures dealing with ritual matters.
4	hadamansarig	[-yk\'] concerned with the above.
4	hadoxt	[h@twht\' = Av. had+aoxta-] certain scriptural texts; a particular sacrifice.
4	haft	[hp1t\' | M hpt, N haft] seven.
4	haftad	[70 | M hpt@d, N hafta1d] seventy.
4	haftadag	[-k\' | N hafta] week.
4	haftadan	[-@n\'] the seven planets.
4	haftar	[hp1t@l | (N kafta1r !)] hyena.
4	haftdah	[hp1tdh | N haftdah, hifdah] seventeen.
4	Haftoring	[hp1tw(k)lng = Av. hapto1iringa-] astr. the Great Bear.
4	hagriz	[hklc | M hgryc, N hargiz] ever; (with a negative) never.
4	halag	[hlk\'] foolish, imprudent.
4	halagih	folly, madness.
4	halam	[hl+@m | N hala1m] potted meat.
4	halilag	[hlylk\' | N hali1la] myrobalan.
4	ham	[hm | = M, N ham] also; same; v. o1.
4	hamih	association, union, harmony.
4	hamaber	[hm@p1yl | M h@m@byr] storehouse.
4	hamag	[hm@k\' | M h@m@g, N hama] all.
4	hamagden	[-dyn\'] a complete religious ceremony.
4	hamagih	[hmkyh | N hamagi1] totality, universality.
4	hamahl	[hm(@)hl] = hama1l.
4	hamal	[hm@l | N hama1l] equal, peer; comrade,
4	hambadig	[hmbtyk\'] opponent, adversary.
4	hambah	v. ü2hambastan.
4	hambah hambahisn	v. hamba1stan.
4	hamban	[hmb@n\' | N anba1n(a)] skin bag.
4	hamband	[hmbnd] connected.
4	hambandih	connection.
4	hamband hambandisn	v. ü1hambastan.
4	hambar	[hmb@l | N anba1r] store.
4	hambaridan hambar	[hm-, hnb@l-ytn\' | M hmb@r-, N anba1rdan] fill, collect.
4	hambasan	[hnbs@n\' | M @mbs@n] enemy, opponent.
4	hambasanig	[-yk\'] inimical, opposing.
4	hambast	[hmbst\' | N anbast] compact.
4	hambastag	[hmbstk\' | N anbasta] formed, composed.
4	hambastag	[hnbstk\' | M hmbst] collapsed, fallen.
4	hambastag	[hmb@stk\'] *all.
4	hambastan hamband	[hmbstn\', hmbnd-] form, compose; bind together, intertwine, encircle.
4	hambandisnih	binding together, intertwining.
4	hambastan hambah	[hnbstn\', hnb@h- | M hmbst, hmbh-] collapse, fall down.
4	hambastan hambah	[hnb@stn\', hnb@d- | M hmb@stn, hmb@h-] cast down, demolish.
4	hambahisn	felling, demolition.
4	hambasn	[hmbs8n\'] of the same stature.
4	hambaw hambawisn	v. hambu1dan.
4	hambay	[hmb@g | (M hmb@w)] companion, partner; adversary.
4	hambaz	[hm-, hnb@c | M @mb@z, N anba1z] partner.
4	hambedig	[hmbytyk\'] = hambadi1g.
4	hambos hambosisn	[hnbws8-, -s8n\' | N anbo1s8is8] = hambu1s-, hambu1s-is8n.
4	hamboy	[hnbwd- | M hwmbwy-, N anbo1y-i1dan] smell (tr.).
4	hamboyagih	[-@kyh] (sense of) smell.
4	hamboyisn	(sense of) smell.
4	hambudan hambaw	[hm- YHWWN-tn\', v. bu1dan; hmbwtn\'] be united, composed.
4	hambawisnih	union, composition.
4	hambun	[hmbwn\'] (with a negative) not at all, not in the least.
4	hambusidan hambus	[hnbws-ytn\' | N anbu1si1dan] come into being, be conceived.
4	hambusisn	conception.
4	hamdadestan	[hm-DYNA, -d@tst@n\' | N ham-da1sta1n] agreeable, of the same opinion.
4	hamdam	[hmdm | N hamdam] intimate.
4	hamdesag	[hmdysk\'] of the same form, homomorphous.
4	hame	[hm@y | M hmyw, N hame1] always.
4	hame ka	whenever.
4	hamedon	[hm@ytwn\' | N hame1du1n] likewise, similarly.
4	hameig	[hm@yyk\' | M hmywyg] eternal.
4	hameiha	[-yh@] eternally.
4	hamemal	[hmym@l | = J] opponent, adversary.
4	hamemalih	opposition.
4	hamenidan hamen	[hmyn-ytn\'] unite, compose.
4	hamerawisnih hameudhamerawisnih	[(hm@y W) hm@y lwbs8nyh] eternity.
4	hamestar hamestarih	[hmyst@l, -yh] = hame1ma1l, hame1ma1li1h.
4	hamesag	[hmys8k\' | M hmys8g, N hame1s8a] always.
4	hamesagih	eternity.
4	hamesagsoz	[-swc] ever-burning.
4	hamewahar	[hm@y wh@l | N hame1s8a-baha1r] marigold.
4	hamewenag	[hm@dwynk\'] of the same kind, homogeneous.
4	hamgohr	[hmgwhl | M hmgwhr] of the same substance or nature, consubstantial.
4	hamgonag	[hmgwnk\' | M hmgwng] likewise, so.
4	hamharz	[h(@)mhlc | P h@mhyrz] adjutant, attendant.
4	hamin	[h@myn\' | = M] summer.
4	haminig	[-yk\'] (of) summer.
4	hamist	[KHDE, v. hammis; h@mst\'] all.
4	hamkar	[hmk@l | N ham-ka1r] collaborator.
4	hamkarih	collaboration.
4	hamkiswar	[h@mkys8wl | M -wr] universe.
4	hammis	[KHDE < A k-h2dh] az ... hammis: together with.
4	hammist	[hmyst\'] stagnant, peaceful.
4	hammistagan	[-(k)@n\'] limbo, the neutral station between heaven and hell.
4	hammoxtan hammoz	[ALPWN-tn\' < A & @lp; hmwhtn\', hmwc-, hmwz- | M hmwxtn, N a1mo1xtan, a1mo1z-] teach; learn.
4	hammozisn	teaching.
4	hammoxtar	[hmwht@l] learner.
4	hammoxtarih	learning.
4	hammoz hammozisn	v. hammo1xtan.
4	hammozgar	[hmwck@l | N a1mo1zga1r] teacher.
4	hamnibardih	[hmnpltyh] (single) combat.
4	hamog	[hmwg] equal, like.
4	hamon	[h@mwn\' | N ha1mu1n] level, flat.
4	hamoyen	[h@mwdyn\'] all.
4	hampursag	[hmpwrsk\'] consulting, taking counsel.
4	hampursagih	consultation.
4	hamranih	[hml@nyh] battle, combat.
4	hamsaman	[-s@m@n\'] contiguous.
4	hamsardag	[-sltk\'] of the same kind, like.
4	hamsayag	[-s@dk\' | N hamsa1ya] neighbour.
4	hamtag	[-t@k\' | N hamta1] equal, peer.
4	hamtan	[-tn\'] of the same stature, build.
4	hamtohmag	[-twhmk\'] relative, relation.
4	hamwar	[hmwl | N hamwa1r] level, abreast.
4	hamwarag	[h(@)mw@l, -k\' | N hamwa1ra] always.
4	hamzaman	[hm ODNA | N ham-zama1n] instantly, immediately.
4	handam	[hnd@m | = P, N anda1m] member, limb.
4	handarz	[hndlc | N andarz] advice, injunction, testament.
4	handarzenidan handarzen	[hndlcyn-ytn\'] advise.
4	handaxtan handaz	[hnd@htn\', hnd@c- | M hnd@c-, N annda1xtan] plan, allot, reckon, judge.
4	handazisn	judgement.
4	handaxtar	[hnd@ht@l] planner.
4	handaz handazisn	v. handa1xtan.
4	handazag	[hnd@ck\' | N anda1za] measure, manner; handa1z i1: like.
4	handeman	[hndym@n\' | = M] before, in the presence of.
4	handemanih	audience, presence.
4	handemangar	[hndym@nkl] introducer (into the presence).
4	handemangarih	introduction.
4	handesidan handes	[hndys8-ytn\' | M hndys8-, N ande1s8i1dan] think, consider, reflect.
4	handesisn	thought, reflection.
4	handesidar	[hndys8yt@l] thoughtful.
4	handoxtan handoz	[hndwhtn\', hndwc- | N ando1xtan] gain, acquire, amass.
4	handozisnih	acquisition.
4	handraxtag	[hndl@htk\' | P @ndrxt] oppressed.
4	handraxtagih	oppression, suffering.
4	handudan handay	[hndwtn\' | (M @nwd), N andu1dan] smear, plaster, anoint.
4	hangad	[hngt\' | P @ngd] fortunate, rich.
4	hangadih	fortune, wealth.
4	hangam	[hng@m | N hanga1m] time, occasion.
4	hangamig	[-yk\'] timely.
4	hangarag	[hng@lk\' | N anga1ra] reckoning.
4	hangardan hangar	[hng@l-tn\' | M hng@r-, N anga1rdan] consider, reckon.
4	hangarisn	consideration.
4	hangextan hangez	[hngyhtn\', hngyc- | (M hgjyn-), N ange1xtan] arouse, stimulate, stir up.
4	hangezisn	arousing.
4	hangirdenidan hangirden	[hngltyn-ytn\'] complete, summarize.
4	hangirdig	[hngltyk\'] complete, perfect; summary.
4	hangirdigih	completion, summary.
4	hangosidag	[hngws8ytk\' | M @ngws8ydg] way, manner, likeness.
4	hangosidag i	like.
4	hangrayidan	[hngl@dytn\'] lament.
4	hangrudag	[hnglwtk\'] lamenting.
4	hanj	v. hixtan.
4	hanjaftan	[hncptn\' | P hnift, (M hnzpt)] be finished.
4	hanjaftan hanjam	[hnc@p1tn\', hnc@m- | P hnj@ft, hnj@m-, (M hnz@pt, N anj8a1mi1dan)] finish, complete, carry out.
4	hanjam	[hnc@m | N anj8a1m] end, completion, outcome.
4	hanjaman	[hncmn\' | (P @njmn, M hnzmn), N anj8uman] gathering, assembly, congregation, community.
4	hanjamanig	[-yk\'] (notable) member of the community.
4	hanjidan	[hnc-ytn\' | N hanj8i1dan] = hixtan.
4	hannam	[hn@m | = M] = handa1m.
4	Harborz	[hlbwlc | N Alburz] the mountain range surrounding the world.
4	harg	[hlg | cf. M hr@g, Ar. xarj8, xara1j8] duty, tribute; work, effort.
4	harrob	[hlwp- | M hrwb-] collect, gather.
4	harrobisnih	collection, gathering.
4	harw	[KRA < A kl@; hl | M hrw, N har] all, each, every.
4	harwin	[hlwyn\' | M hrwyn] pl. all.
4	harwisp	[hlwsp1\' | M hrwsp] all.
4	harwispin	[-yn\'] pl. all.
4	harzag	[hlck\' | N harza] loose, free.
4	hasar	[h@sl = Av. ha1t+ra-] a measure of time (unequal hour, 1/12 of daylight); a measure of length (= frasang, or ¬ frasang, 1 mile).
4	haspin	[hspyn\' | = M] rest, repose.
4	hast hastih	[AYT\', -yh] = ü1ast, asti1h.
4	hasagird	[hs8@klt\' | M hs8@gyrd, N s8a1gird] disciple, pupil.
4	hast	[hs8t\' | = M, N has8t] eight.
4	hastad	[80 | N has8ta1d] eighty.
4	hastdah	[hs8tdh | N has8tdah, hiz8dah] eighteen.
4	hawan	[h@wn\' | N ha1wan] a mortar.
4	hawan	[h@wn\' = Av. ha1wani-] the morning ga1h.
4	hawand	[h@wnd | M h@w(y)nd] like, similar.
4	hawandih	likeness, similarity.
4	hawist	[h@ws8t\'] disciple, pupil.
4	hawistih	disciplehood.
4	haxt	[h(@)ht\'] thigh, haunch, hip.
4	haxtan haz	[h@htn\', h@c-] lead, guide, persuade, convert.
4	hazisn	persuasion, conversion.
4	hazar	[1,000, hc@l | M hz@r, N haza1r] thousand.
4	hazarag	[-k\' | N haza1ra] millennium.
4	hazzan	[@/hz@n\'] tomb, ossuary.
4	hen	[hyn\' | M hyyn] army.
4	henih	attack, aggression.
4	herbed	[hylpt\' | N he1rbud] teacher-priest.
4	herbedih	priestly office.
4	herbedestan	[hylptst@n\'] priestly school.
4	herbedestanih	priestly studies.
4	herig	[hylyk\' | N h/xe1ri1] iris, wallflower.
4	hezag	[hyck\' | (M hyjg), N he1z] pail.
4	hil hiisn	v. his8tan.
4	hindug	[hndwk\' | M hyndwg, N hindu1] Indian.
4	hindugan	[-@n\'] India.
4	histan hil P hirz	[S8B6KWN-tn\' < A & s8bq; (hlc-) | M hys8tn, hyl-, (P hyrz-), N his8tan, hil-, (P hirz-)] let, leave, abandon, pardon, set, appoint.
4	hilisn P hirzisn	pardon, loosing.
4	hixr	[hyhl] excrement.
4	hixtan hanj	[hyhtn\', hnc- | P hxt] draw (water).
4	ho	[hw\' | = P] that, he.
4	Hom	[hwm | N Ho1m] the sacred plant Haoma (ephedra).
4	homanag	[h(w)m@n@k\' | N hama1na1, J xuma1na1] o1 ... homa1na1g: like.
4	homanagih	likeness.
4	homast	[hwm@st\'] various series of prayers.
4	homen	[hwmyn\'] of Haoma.
4	homenomand	[-@wmnd] prepared with Haoma.
4	homig	[hwmyk\'] of Haoma.
4	homigomand	[-@wmnd] prepared with Haoma.
4	Hordad	[hwrdt\' | M hrwd@d, N Xurda1d] Perfection, the fifth Amahraspand, guardian of water; cal. 3rd month; 6th day.
4	hosag	[hws8k\' | M hws8g, N xo1s8a] ear of corn, cluster; astr. Spica, Virgo.
4	hosenidan hosen	[hws8yn-ytn\'] (cause to) wither.
4	hosidan hos	[hws8-ytn\' | M hws8-, N xo1s8i1dan] dry up, wither.
4	hoyag	[hwy, -k\' | M hwy] left(-hand).
4	Hrom	[hlwm | M hrwm, N Ru1m] Byzantium, Rome.
4	Hromayig	[-@dyk\'] Greek, Byzantine, Roman.
4	hu	[hw- | = M] good-, well-.
4	huih	good, goodness.
4	huboy	[hwbwd] sweet-smelling, fragrant.
4	huboyih	fragrance.
4	hucasm	[hwcs8m] unenvious, benevolent.
4	hucasmih	benevolence.
4	hucihr	[hwcyhl | M hwcyhr, (N xuj8i1r)] fair, beautiful.
4	hudahag	[hwd@(h)k\' = Av. huda1h-] good, beneficent.
4	hudahagih	beneficence.
4	hudast	[hwdst\'] skilful.
4	huden	[-dyn\'] of good (i.e. Mazdean) religion.
4	hudosag	[-dws8k\'] very pleasing.
4	huewaz	[-@yw@c] of good speech, affable.
4	huewazih	affability.
4	hufraward	[-plwlt\'] blessed, the late.
4	hugar	[hwgl] easy; beneficent.
4	hugowisn	[hwgwbs8n\'] of good speech.
4	hugugar	[-gwk@l] easily digestible.
4	hukunisn	[-kwns8n\'] of good behaviour.
4	humanih	[-m@nyh] good-mindedness, benevolence.
4	humat	[hwmt\' = Av. humata-] good thought.
4	humay	[hwm@y | N huma1y] a bird of good omen; eagle.
4	humenisn	[hwmyns8n\'] of good thought.
4	humurwag	[hwmwlw@k\'] auspicious.
4	hunar	[hwnl | M hwnr, N hunar] virtue, ability, skill.
4	hunarawand	[hwnl@wnd | M hwnr@wynd] skilled, virtuous.
4	hunarawandih	skill, virtue.
4	hunaromand	[hwnl@wmnd | N hunarmand] = hunara1wand.
4	hunidan	[hwnytn\'] extract, express (juice).
4	huniyag	[hwnyd@k\' | N xunya1] delightful.
4	huniyagih	delight, entertainment.
4	huniyagar	[hwnyd@kl | N xunya1gar] entertainer, musician.
4	huniyoxs	[hwnydwhs8] attentive.
4	hunsand	[hwnsnd | = P, (N xursand)] happy, contented.
4	hunsandih	happiness, content.
4	hunusak	[hwns8k\' = Av. hunus8] offspring (daevic).
4	hunusakenidan	[hwns8kynytn\'] bear daevic offspring.
4	hupadixsay	[hwp@ths8@(d)] good ruler.
4	hupadixsayih	good rule.
4	hupassandagih	[hwpsndkyh] satisfaction.
4	hur	[S8KL < A s8kr@; hwl] an alcoholic drink, *koumiss.
4	huram	[hwlm | N xurram !] happy.
4	huramih	happiness.
4	huram	[hwl@m] blissful.
4	huramag	[hwlmk\'] having good flocks.
4	hurust	[-lwst\'] well-grown.
4	husazagih	[-s@ckyh] agreement.
4	huspas	[-sp1@s] grateful.
4	husraw	[hwslwb\' | (M hwsrwg), N xusraw] famous, of good repute.
4	husrawih	fame, good repute.
4	husk	[hws8k\' | = M, N xus8k] dry.
4	huskkun	[-S8TE] impotent.
4	huskoh	[hws8kwh] dignified, splendid.
4	huskohih	dignity.
4	husnudag	[hws8nwt(k)\' | M hws8nwd, N xus8nu1d] contented, happy.
4	husnudagih	contentment, happiness.
4	hutuxs	[hwtwhs8] artisan.
4	huwarst	[hwwls8t\' = Av. hwars8ta-] virtue, good deed.
4	huxem	[hwhym] of good character, good-natured.
4	huxemih	good character.
4	huxt	[hwht\' = Av. hu1xta-] good speech.
4	i	[Y, ZY- < A zy | M §y(g), N i] relative pronoun, who, which; connective particle.
4	idan	[-ytn\' | M -ydn, N -i1dan] suffix forming secondary infinitives.
4	ig	[-yk\' | M -yg, N -i1] suffix forming adjectives of relation, etc.
4	ih	[-yh | M -yh, -yy, N -i1] suffix forming abstract nouns.
4	iha	[-yh@ | = M, N -ha1] suffix forming adverbs; later, plurals.
4	ihistan	[-yh-stn\' | M -yh-ystn] suffixes forming passive and intransitive denominative verbs.
4	im	[LZ6NE < A l-znh; @m | M §ym, N im] this.
4	im cim ray	for this reason.
4	im roz	today.
4	im	[-m | = M, N -am] 1st sg. enclitic pronoun, me, my.
4	istan	[-stn\' | M -ystn, N -istan] suffix forming secondary infinitives; v. -i1h-istan.
4	is	[-s8 | = M, N -as8] 3rd sg. enclitic pronoun, him, his, her, it, its.
4	isn	[-s8n\' | M -ys8n, N -is8] suffix forming (i) verbal nouns, (ii) necessitative participles.
4	it	[-t | = M, N -at] 2nd sg. enclitic pronoun, thee, thy.
4	iz	[-(y)c | M -yc, -yz] adverbial enclitic, also, even.
4	izag	[-yck\' | M -yzg, N -i1za] diminutive suffix.
4	jad	[y@t\'] share, portion.
4	jadag	[ytk\' | M jdg] omen.
4	jadag	[ytk\'] form, property.
4	jadag	[y@tk\' | M j@dg] share, portion; case, cause.
4	jadaggow	[y@tkgwb\'] advocate, intercessor.
4	jadaggowih	intercession.
4	jadagwihirih	[ytkwhylyh] transformation, alteration.
4	jadarih	[yt@lyh] maintenance.
4	jadisn	[yts8n\'] (accidental) quality, property.
4	jadisnig	[-yk\'] accidental, non-essential.
4	jadug	[y@twk\' | M j@dwg, N j8a1du1] sorcerer, magician.
4	jadugih	sorcery, magic.
4	jag	[y@h | N *j8ag+] sissoo tree.
4	jagar	[ykl | N j8igar] liver.
4	jah	v. j8astan.
4	jahisn	[yhys8n\' | J jhys8n-] chance, fortune, omen.
4	jahisnayar	[yhys8n hdyb@l | N n. pr. j8hs8y@r] fortunate.
4	jahisnayarih	good fortune.
4	jahud	[yhwt\' | N j8uhu1d] Jew.
4	jam	[y@m | N j8a1m] glass.
4	jam	[MANE < A m@n-h; y@m | M j@m, N j8a1m] vessel, goblet.
4	jamag	[y@mk\' | N j8a1ma] = ü2j8a1m.
4	jamag	[y@mk\' | M j@mg, N j8a1ma] clothing, garment.
4	jang	[yng | M jnng, N j8ang] struggle, battle, fight.
4	jar	[y@wl | M j@r] time, occasion.
4	jastan jah	[ystn\', yh-] happen, occur, chance (to be).
4	jahisn	v. j8ahis8n.
4	jasn	[ys8n\' | N j8as8n] celebration, festival.
4	jaw	[S8üg < A s4§rt@ | N j8aw] barley.
4	jawed	[y@wyt\' | (P y@wyd), N j8a1we1d] eternal.
4	jawedan	[LOLMN < A l-§lmn; y@wyt@n\' | (P y@wyd@n, M j@yd@n), N j8a1we1da1n] eternally, always.
4	jawedanag	[-k\' | (P -g), N j8a1we1da1na] eternal, perpetual.
4	jawen	[S8ügyn\' | N j8awi1n] made of barley.
4	jeh	[yh6, yyh = Av. j8ahi1-] the Whore, female arch-demon.
4	jiw	[cyw\', yyw\' = Av. j8i1wya-] (consecrated) milk.
4	joma	[ywm@y] together with; both.
4	jorda	[ywlt@y, -@k | (P yw@rd@w), J *jwrd@r] corn, grain.
4	joy	[ywd, ywb\' | N j8o1(y)] stream, channel.
4	joy joyisn	v. j8u1dan.
4	jud	[ywdt\' | M jwd] separate, different; anti-.
4	jud az	[N j8uz] except, apart from.
4	judag	[ywdt@k\' | N j8uda1] separate, different.
4	judagih	separation, difference.
4	judan joy	[ywtn\', ywd- | M jwwdn, (jw-), (N jawi1dan)] chew; devour (daevic).
4	joyisn	eating (daevic).
4	judbes	[ywdt bys8] harmless, antidote.
4	juddadestan	[-DYNA] disagreeable, opposing.
4	juddew	[-S8DYA] anti-demonic.
4	judnay	[-n@d] a fathom (6 ft.).
4	judristag	[ywdt lystk\'] schismatic, heretic.
4	judristagih	heresy.
4	jug	[ywg | N j8ug+] yoke.
4	jumbagih	[ywmb@kyh] motion.
4	jumbenidan jumben	[ywmbyn-ytn\'] (cause to) move.
4	jumbidan jumb	[ywmb-ytn\' | N j8umbi1dan, j8umb-] move.
4	jumbisn	motion, movement.
4	jumbihistan jumbih	[ywmbyh-stn\'] be moved.
4	juttar	[ywdtl | M jwtr] different, otherwise.
4	juttarih	opposite, reverse.
4	juwan	[ywb6@n\' | (P yw@n), N j8awa1n] young; a youth.
4	juwanih	youth.
4	juxt	[ywht\' | (P ywxt), N j8uft!] pair, couple.
4	ka	[AMT < A @mty | M k@, N ki] when; if, since.
4	kabah	[kp@h | Ar. qaba1] garment, cloak.
4	kabarag	[kp@lk\' | N kaba1ra] container, vessel.
4	kaben	[k@p1yn\' | N ka1bi1n] marriage-portion, dowry (assigned to the bride).
4	kabig	[kpyk\' | N kab/pi1] monkey.
4	kabiz	[kpyc | (N kawi1z8)] a grain measure, 1/10 gri1w.
4	kabk	[kpk\' | N kabk] partridge.
4	kabkanjir	[-@ncyl | N kabk-anj8i1r] a kind of francolin.
4	kabod	[kpwt\' | N kabo1d] grey-blue; pigeon.
4	kabotar	[kpwtl | M kbwtr, N kabo1tar] pigeon.
4	kac	[k@c | N ka1s8(ki)] would that, if only.
4	kac ka	would that, if only.
4	kadag	[k@tk\'] game, joke.
4	kadag	[ktk\' | M kdg, N kada] house.
4	kadagbanug	[-b@nwk\' | N kadba1nu1] mistress, lady of the house.
4	kadagig	[-yk\'] domestic; servant.
4	kadagxwaday	[-hwt@y | P qdyxwd@y, N kadxuda1] householder, master of the house.
4	kadam	[kt@m | M kd@m, N kuda1m] which, what.
4	kadamizew	[-c-HD] whichever.
4	kadar	[kt@l] who, which.
4	kadarizew	[-c-HD] whoever.
4	kaf	[kp | N kaf] foam, slime.
4	kaf	v. kaftan.
4	kafc	[kpc | N kafc8] ladle, skimmer.
4	kafcag	[-k\' | N kafc8a] spoon.
4	kafs kafsag	[kps8, -k\' | N kafs8] shoe.
4	kafsgar	[-kl | N kafs8gar] shoemaker.
4	kaftan kaf	[kp-tn\' | P kft, kf-] fall.
4	kah	[TBNA < A tbn@ | N ka1h] chaff, straw.
4	kah kahisn	v. ka1stan.
4	kahas	[kts | M khs] channel, sewer.
4	kahenidan kahen	[k@hyn-ytn\'] decrease, lessen (tr.).
4	kahidan	[k@hytn\' | N ka1hi1dan] = ka1stan.
4	kahist	[ksst\'] least.
4	kahrubay	[khlp@d | N kahruba1] amber.
4	kahwan	[khwbn\' | M qhwn, N kuhan] old.
4	kakom	[k@kwm | N ka1kom] stoat.
4	kakom i sped	ermine.
4	kalbod	[k@lpwt\' | (M k@lbyd), N ka1lbod] body, shape, form.
4	kalbodomand	[-@wmnd] corporeal.
4	kam	[km | M kmb, N kam] little, small, few; v. kem.
4	kam	[k@m | = M, N ka1m] will, desire, purpose.
4	kam	v. ka1mistan.
4	kamag	[k@mk\' | N ka1ma] kinds of gruel, or soup.
4	kamag	[k@mk\' | N ka1ma] = ka1m.
4	kamaghanjam	[-hnc@m] gaining one\'s end, successful.
4	kamaghanjamih	success.
4	kamagomand	[-@wmnd] willing(ly), desirous.
4	kamagwidar	[-wt@l | N ka1m-gud+a1r] successful, independent.
4	kamagxwaday	[-hwt@y] independent, absolute.
4	kamal	[km@l | (M km@r)] head (daevic).
4	kamalig	[-yk\'] chief (daevic).
4	kaman	[km@n\' | = M, N kama1n] bow.
4	kamandar	[-d@l | N kama1nda1r] archer, bowman.
4	kamar	[kml | N kamar] waist; belt, girdle.
4	kamarband	[-bnd | N kamar-band] belt.
4	kamgar	[k@mk@l | P k@mg@r, N ka1mga1r] powerful, absolute.
4	kamist	[kmyst\'] least.
4	kamistih: pad kamistih	at least.
4	kamistan kam	[YCBEN-stn\' < A ys2bh, & s2bh; k@m-(y)stn\' M k@m-yst] want, desire.
4	kamrawag	[k@m lwb@k\' | N ka1mrawa1] successful.
4	kamziwisn	[-zyws8n\'] free, independent.
4	kamzor	[kmzwl | N kam-zo1r] weak.
4	kamzorih	weakness.
4	kan	v. kandan.
4	kanar	[kn@l | N kana1r] side, edge; embrace.
4	kanarag	[-k\' | M kn@rg, N kana1ra] edge, limit, boundary.
4	kanaragomand	[-k@wmnd | M -gwmnd] limited, finite.
4	kandan kan	[HP6LWN-tn\' < A & h2pr; kn-dn\', -tn\' | M knd, N kandan, kan-] dig; raze, destroy.
4	kanig	[knyk\' | M knyg] girl, maid.
4	kanizag	[knyck\' | M knycg, N kani1z(ak)] = kani1g.
4	kantigr	[kntgl] quiver.
4	kapur	[k@p1wl | Ar. ka1fu1r] camphor.
4	kar	v. kardan.
4	kar	[k@l | M k@r, N ka1r] work, deed, affair.
4	kar framudan	put to use.
4	kar	[k@l] pl. ka1ra1n: (other) people.
4	kar	[k@l] butter.
4	kar	v. kis8tan.
4	karafs	[klps | N karafs] celery.
4	karagah	[k@l@k@s | N ka1r-a1ga1h] skilled, experienced.
4	karagahih	skill, experience.
4	karak	[krk\' | N karak] quail.
4	karan	[kl@n\' | P kr@n, N kara1n] side, edge, end, limit.
4	karawan	[k@lw@n\' | P k@rw@n, N ka1rwa1n] caravan, military column.
4	karawanig	[-yk\' | N ka1rawa1ni1] caravaneer, traveller.
4	karb	[klp] priest hostile to Zoroaster.
4	karbas	[klb@s8 | N karbas8, etc.] lizard.
4	karbunag	[klpnk\', klbnk\'] lizard.
4	kard	[krt\' | M kyrd, N kard] action; matter, affair.
4	kard	[SKYNA < A skyn@; k@lt\' | N ka1rd] knife.
4	kardag	[kltk\'] division, section, portion.
4	kardag	[krtk\', kltk\' | N karda] action.
4	kardag	[k@ld@k\'] traveller, wanderer, migrant.
4	kardagan	[krt-, kltk@n\' | M kyrdg@n] action.
4	kardagar	[krtk@l | M kyrdg@r, N kardaga1r] mighty.
4	kardan kun P kar	[OB6YDWN-tn\' < A & @bd; krtn\', kwn-, (kl-) | M kyrdn, kwn-, (P kr-), N kardan, kun-, (P kar-)] do, make, act, perform.
4	kardan kunisn P karisn	v. kunis8n.
4	kardar	[krt-, klt@l | N karda1r] active; worker, doer.
4	kardarih	activity.
4	kardespas	[krtsp1@s] servant, attendant.
4	karezar	[k@lyc@l | M k@ryz@r, N ka1rza1r] battle(-field).
4	karframan	[k@lplm@n\' | M k@rprm@n, Ar. qahrama1n] manager, overseer.
4	karg	[klg | N karg] rhinoceros.
4	kargas	[klk@s | N kargas] vulture.
4	karig	[k@lyk\' | N ka1ri1] active; warrior.
4	karigih	activity.
4	kark	[klk\' | N kark] chicken, hen.
4	karkehan	[klkyhn\'] chalcedony.
4	karm	[klm | P krm] action.
4	karmir	[klmyr] red, crimson.
4	karnamag	[k@ln@mk\'] record, chronicle.
4	karr	[kl | M qr, N karr] deaf.
4	karxos	[klhws8 | (N c8arxus8t)] wine-press.
4	karzang	[klcng | M kyrzng, (N xarc8ang)] crab; astr. Cancer.
4	kas	[AYS8 < A @ys8 | M ks, N kas] person, somebody.
4	kasiz	[-c] anybody, (with a negative) nobody.
4	kasken	[k@skyn\'] lapis lazuli.
4	kaskenag murw	[-k\' | N ka1ski1na] *magpie.
4	kaskenen	[-yn\'] blue-green; of lapis lazuli.
4	kastan kah	[k@stn\', k@h- | N ka1stan, ka1h-] diminish, decrease, lessen.
4	kahisn	decrease, diminution.
4	kastar	[kst@l] destroyer, wrongdoer.
4	kastarih	destruction, iniquity.
4	kastar	[k@st@l] diminisher.
4	kas	[ks8 | N kas8] armpit.
4	kasawag	[ks8wk\' | N kas8aw] tortoise.
4	kask	[ks8k\' | N kas8k] dried buttermilk.
4	kastig	[ks8tyk\' | N kas8ti1] boat, ship.
4	kawadak	[kw@tk\'] young; baby; v. ko1dak.
4	kay	[AYMT < A @ymt | N kay] when?
4	kay	[kd | N kay] title of the dynasty of Wis8ta1sp (patron of Zoroaster), Kayanian.
4	kayak	[-k\'] ruler hostile to Zoroaster.
4	kayk	[kdyk\' | N kayk] flea.
4	ke	[MNW < A mn-w | M ky, N ki30] who, which.
4	kec	[kyc | = P] person, somebody.
4	ked	[kyt\' | P qydyg] soothsayer, magician.
4	kedigih	[-ykyh] soothsaying, prophecy.
4	keh	[ks | M kyh, N keh] small(er), less(er), young(er).
4	kehtar	[-tl | N kehtar] = keh.
4	kem	[kym] less, fewer; v. kam.
4	ken	[kyn\' | = M, N ki1n(a)] hate, malice, revenge.
4	kenig	[-yk\'] malicious, vengeful.
4	kennar	[kn@l] lyre, harp.
4	kennarsray	[-sl@d] harpist.
4	kenwar	[kynwl | (M kynw@r), N ki1nawar] vengeful, vindictive.
4	kenwarih	vindictiveness.
4	ker	[kyl | N ke1r] penis.
4	kesar	[kysl] Caesar.
4	kes	[kys8 | = M, N ke1s8] dogma, faith (especially non-Mazdean).
4	kesdar	[-d@l] sectary, non-Mazdean.
4	kesidan kes	[k(y)s8-ytn\' | (M krs8-), N kas8i1dan] pull, draw.
4	Kewan	[kyw@n\' | Ar. kaywa1n] astr. Saturn.
4	kewud	[kypwt\' | M k§ywd] box, ark.
4	kilel	[klyl | N kili1d)] key.
4	kirb	[klp | M kyrb] body, form.
4	kirbag	[krpk\' | M kyrbg, N kirfa] virtue, good deed.
4	kirbagig	[-yk\'] virtuous, pious.
4	kirbakkar	[krpkk6l | M kyrbkr] beneficent.
4	kirbakkarih	beneficence.
4	kirih	[OB6YDWNyh-, v. kardan, klyh- | M kyryh-] be done, made.
4	kirm	[klm | M krm, N kirm] worm, serpent.
4	kirrenidan kirren	[klyn-ytn\'] rend; create (daevic).
4	kirrog	[k(y)lwk\' | M qrwg] artisan, craftsman; skilled.
4	ih	arts, crafts, craftsmanship, skill.
4	kis	[k(y)s8 | M ks8, N kis8] furrow, line.
4	kisniz	[ks8nyc] = gis8ni1z.
4	kistan kar	[ZLYTWN-tn\' < A & zr§; kys8tn\', k@l- | M kys8t, k@r-, N kis8tan, ka1r-] till, furrow; sow.
4	kistar	[ZLYTWNt@l] tillage.
4	kisw kiswan	[kys8w\', -@n\' | P kys8f@n] tillage.
4	kiswanzar	[-c@l | (N kis8tza1r)] field.
4	kiswar	[kys8wl | M kys8wr, N kis8war] region, clime, continent.
4	kiswzar	v. kis8wa1nza1r.
4	kob	v. ko1ftan.
4	kodak	[kwtk\' | M qwdk, N ko1dak] young, small; baby.
4	kof	[kwp | = M, N ko1h] hill, mountain; hump.
4	kofag	[-k\' | N ko1ha] saddle.
4	kofig	[-yk\' | N ko1hi1] wild, mountain-.
4	koftan kob	[kwp-tn\' | N ko1ftan, ko1b-] beat, pound, crush.
4	kor	[kwl | M kwr, N ko1r] blind.
4	kordil	[-dyl | M -dyl, N ko1r-dil] blind-hearted, incorrigible.
4	kostan	[kwstn\' | = M, N ko1stan] beat, pound.
4	kos	v. ko1xs8-.
4	kosk	[kws8k\' | N ko1s8k] pavilion, palace, kiosk.
4	koxsidan koxs	[kw(h)s8-ytn\' | M kws8-ydn, N ko1s8i1dan] strive, struggle, endeavour.
4	koxsisn	strife, combat.
4	koxsisnig	energetic.
4	koy	[kwd | N ko1y] street, lane.
4	ku	[AYK < A @yk | M kw, N ku1, ki] where; that; than.
4	ku gyag	[N kuj8a1] where.
4	ku ta	so that.
4	kucak	[kwc(k\') | N ku1c8ak] small.
4	kuk	[kwk\'] small, short.
4	kulacag	[kwl@ck\' | N kuli1c8a] small, round bun.
4	kulaf	[kwl@p1 | N kula1h] cap, bonnet.
4	kulafak	[-k\'] | N kula1hak] little cap; calyx.
4	kulang	[klng | N kulang] crane.
4	kullag	[kwlk\'] locust.
4	kumig	[kwmyk\'] stomach.
4	kun kunisn	v. kardan, kunis8n.
4	kun	[S8TE < A *s8t-h; kwn\' | N ku1n] rump, buttocks, anus.
4	kundag	[knd@k\' | M qnd@-, N kunda1] magician, soothsayer.
4	kundagih	magic, astrology.
4	kundur	[kwndl | N kundur] frankincense.
4	kunisn	[kwns8n\' | M kwnys8n] action, deed.
4	kunisngar	[-kl | M -gr] doer, performer.
4	kunjid	[S8Müg < A s8ms8m@; kwnc(y)t\' | N kunj8id] sesame.
4	kunmarz	[kwnmlc] sodomite; sodomy.
4	kurkum	[kwlkwm] saffron.
4	kurrag	[kwlk\' | N kurra] foal, colt.
4	kust	[kwst\'] side, direction; district.
4	kust	[kwst\' | Ar. qust2] costus.
4	kustag	[kwstk\' | M kwstg] = ü1kust.
4	kustagbed	[-pt\'] district-commander.
4	kustig	[kwstyk\' | N kusti1] sacred girdle.
4	kustan kus	[NKSWN-tn\' < A & nks; kws8-tn\' | M kws8t, kws8-, N kus8tan, kus8-] kill.
4	lab	[lp | M lb, N lab] lip.
4	labag	[l@p1k | (M r@b), P l@b, N la1ba] supplication.
4	labakkar	[l@p1kkl] suppliant.
4	labakkarih	supplication.
4	lajan	[lcn\' | N laj8an] mud, slime.
4	larzidan larz	[l+lc-ytn\' | P lrz-, N larzi1dan, larz-] shiver, tremble.
4	laskar	[ls8kl | N las8kar] army.
4	laskarig	[-yk\' | N las8kari1] soldier.
4	laskarigih	soldiering.
4	lawzenag	[lwcynk\' | N lawzi1na] almond sweetmeat, marzipan.
4	lipi	[lpyh] a minute (of arc).
4	ma	[AL < A @l | M m@, N ma] not (prohibitive).
4	ma agar	[N magar] perhaps; lest.
4	mad	[AM < A @m-y, v. ma1dar | M m@d] mother.
4	madag	[NKB6 < A nqb; m@tk\' | (M m@yg), N ma1da] female.
4	madagih	femininity.
4	madag	[m@tk\' | (M m@yg, N ma1ya)] essence, substance.
4	madagig	[-yk\'] essential.
4	madagwar	[-wl] essential, especial, principal.
4	madan	[mtn\' | M mdn] come.
4	madar	[mt@l] comer.
4	madar	[AMYtl < A @m-y; m@tl | M m@dr, N ma1dar] mother.
4	madayan	[m@tgd@n\' | M m@dy@n] book.
4	madayan	[m@tyd@n\'] essence, basis, core; essential, chief.
4	madayar	[m@tgd@l] steward; (chess) rook, castle.
4	madist	[m@tys8t\'] *matter, protoplasm.
4	madiyan	[m@tyg@n | N ma1di1ya1n] mare.
4	mag	[mg+ | N mag+] hole, pit.
4	magas	[mks | P mgs, N magas] fly.
4	magas i anguben	honey-bee.
4	magind	[mkn\'d | M mgyn(d)] shield, protection.
4	mah	[BYRH < A b-yrh2; m@h | = M, N ma1h] moon, month; cal. 12th day.
4	mahig	[m@hyk\' | M m@hyg, N ma1hi1] fish; astr. Pisces.
4	mahigan	[BYRH-, m@hyk@n\' | M m@hyg@n, N ma1hiya1n] month.
4	mahist	[msst\', mhst\' | M mhyst, N mahist] greatest.
4	makog	[mkwk\' | M mkwg, N mako1(k)] boat.
4	malidan	[m@l+ytn\' | N ma1li1dan] = mus8tan.
4	man	[L < A l-y | M mn, N man] I, me.
4	man	[m@n\' | = M] house, dwelling.
4	man	v. ma1ndan.
4	man	[m@n- | = M] live, dwell.
4	manisn	dwelling, sojourn.
4	man	[m@n- | = M, N ma1n-] resemble.
4	manag	[m@nk\' | P m@ng] mind.
4	manag	[m@n@k\' | M m@n@g, N ma1na1] like, resembling.
4	managih	likeness, resemblance.
4	manban	[m@np@n\'] watch-dog.
4	manbed	[m@npt\'] master of the house.
4	mand	[m@nd | = M] house.
4	mandag	[m@ndk\' | M m@ndg, N ma1nda] tired; remiss; fault, sin.
4	mandagih	tiredness.
4	mandan 1man	[KTLWN-tn\' < A & ktr | M m@nd, N ma1ndan, ü1ma1n-] stay, remain; v. also ü2,ü3ma1n-.
4	mang	[mng] henbane.
4	manig	[m@nyk\'] household member.
4	manistan	[KTLWNstn\'] = ma1ndan.
4	manist	[m@nys8t\'] abode, dwelling.
4	manistag	[-k\'] sedentary, settled.
4	mansar	[m@nsl = Av. ma5t+ra-] (holy) word, spell.
4	mansarbar	[-bl] priest.
4	mansarspand	[-spnd = Av. sp‘nta-] holy word; v. ma1raspand.
4	mar	[ml | M mr, N mar] number, reckoning, account; class.
4	mar	[ml] scoundrel, felon.
4	mar	[m@l | N ma1r] snake.
4	mar marisn	v. ma1rdan.
4	marag	[mlk\'] number.
4	marag	[m@l@k\'] perceptive, sensitive.
4	Maraspand	[m@rspnd | N Ma1raspand] (= ma1nsüarspand), cal. 29th day.
4	marcabuk	[mlc\'@p1wk\'] brave, valiant.
4	marcabukih	bravery, valour.
4	mard	[GBRA < A gbr@; mlt\' | M m(y)rd, N mard] man.
4	mardan mar	[m@l-tn\'] perceive, notice, feel.
4	marisn	perception.
4	marisnomand	[-s8n@wmnd] perceptive.
4	mardanag	[mlt@nk\' | N marda1na] manly, brave.
4	mardanagih	manliness, bravery.
4	mardom	[ANS8WTA < A @ns8wt@; mltwm | M mrdwhm, N mardum] man, mankind, people.
4	mardomih	humanity, humanness.
4	mardomzadag	[mltwm z@tk\' | N mardum-za1d] human being.
4	mardomzadagih	humanity.
4	marg	[mlg | M mrg, N marg] death.
4	margarzan	[-@lc@n\'] deserving death.
4	margih	= marg.
4	margomand	[-@wmnd] mortal.
4	marig	[m@lyk\' | M m@ryg-] word, spell.
4	marw	[mlw\' | M mrw, N marw, (marg+)] herb.
4	marz	[mlc | M mrz, N marz] boundary, march; astr. term.
4	marzangos	[mlcngws8 | N marzango1s8] marjoram.
4	marzidan marz	[mlc-ytn\' | M mrzyst, mrz-] copulate.
4	marzisnih	copulation, fornication.
4	marzoban	[mlcp@n\' | N marz(o)ba1n] margrave, warden of the marches.
4	masay	[-ms@d] suffix, -sized.
4	mast	[mst\' | = M, N mast] bemused, intoxicated.
4	mast	[m@st\' | N ma1st] curds, sour milk.
4	mastarg	[mstlg | (M mstgrg)] skull.
4	mastog	[mstwk\'] intoxicated, drunken.
4	mastogih	intoxication, drunkenness.
4	mas	[m@s8 | N ma1s8] vetch, pulse.
4	mask	[ms8k\' | N mas8k] mussuck, skin bag (for liquids).
4	mask	[ms8k\' | N mas8ko1] tent, pavilion.
4	maskabarzen	[-@p1lzyn\' | M ms8kbrzyn] royal pavilion.
4	maskizag	[ms8kyck\' | N mas8ki1za] small mussuck, skin `table-cloth\'.
4	maxs	[mhs8] fly.
4	may	[HS < A h2mr@ ?; mdy | M my, N may] wine.
4	mayan	[mdy@n\' | M my@n, N miya1n] middle; among, between.
4	mayanag	[-k\' | N maya1na] middling, average.
4	mayanjig	[mdy@ncyk\' | N miya1nj8i1] mediator, intermediary.
4	mayanjigih	mediation.
4	mayg	[KMCA < A qms2@; mdk\' | N mayg] locust.
4	mayisn	[m@ds8n\'] copulation.
4	mazandar	[m@z-, m@cndl] arch-(demon), gigantic.
4	mazanig	[m@znyk\'] (demon) of Mazan.
4	mazdesn	[m@z6d(y)s6n6\' | M m@zdys] Mazda-worshipping, Mazdean.
4	mazdesnih	Mazda-worship, Mazdaism.
4	mazg	[mzg | (M mgj, N mag+z)] brain, marrow.
4	mazgit	[mzgt\' | N mazgit] mosque.
4	medyozarm	[mytywkzlm = Av. maid+yo1i.zar‘maya-] spring.
4	meg	[myg+ | P myg, N me1g+] cloud, mist.
4	meh	[ms | M mhy, myh, N meh] great(er), old(er).
4	mehan	[myhn\' | N me1han] home.
4	mehenidan mehen	[msyn-ytn\'] increase, magnify.
4	mehenisn	increase.
4	mehman	[m(@)hm@n\' | P myhm@n, N mehma1n] inhabitant, guest; acceptable.
4	mehmanih	habitation; hospitality.
4	mehtar	[mstl, ms@tl (< P ms@dr) | N mehtar] elder, senior.
4	mehtarih	adulthood.
4	menidan men	[myn-ytn\' | M mn-, N man-] think, consider.
4	menisn	thought, intention, disposition.
4	menisnig	thoughtful.
4	menog	[mynwk6 | M mynwg, N mi1no1] spiritual, heavenly; spirit.
4	menogig	[-yk\'] spiritual.
4	menogigih	spirit, spirituality.
4	menogwen	[mynwk6 HZ6YTWN] having spiritual insight.
4	menogwenih	spiritual insight.
4	merag	[mylk\'] young man, husband.
4	mes	[HLLN < A rh2l ?; mys8 | = P, N me1s8] sheep, ewe.
4	mesag	[mys8k\'] urine.
4	messar	[mys8s@l | N me1s8-sa1r] having a sheep\'s head (ornament).
4	mewag	[mywk\' | M myw, N me1wa] fruit.
4	mex	[myh | P myx, N me1x] peg, nail.
4	mex i gah	astr. Polaris, pole star.
4	mez	v. me1zi1dan, me1zis8n, mistan.
4	mezd	[my(@)zd | N me1z] offering, meal.
4	mezdban	[-p@n\' | N me1zdba1n] host.
4	mezidan 1mez	[myc-ytn\'] suck.
4	mezisn	[mycs8n\'] blinking, twinkling.
4	mih	[mt\'] false, contrary, opposite.
4	mihoxt	[mytwht\'] falsehood.
4	mihr	[mtr\' | M myhr, N mihr] Mithra; sun; cal. 7th month; 16th day.
4	mihr	[mtr\', etc.] contract, bond.
4	mihr	[mtr\', etc.] love, friendship.
4	mihrban	[mtr\'p@n\' | P myhrb@n, N mihrba1n] friendly, kind.
4	mihrdroz	[mtr\'dlwc] = mihro1druj8.
4	mihrodruj	[mtr\'@w-, mtrwk-dlwc = Av. mit+ro1.druj8im] contract-breaker.
4	mihrodrujih	breaking faith.
4	mihrzan	[mtr\'zn\'] = mihro1druj8.
4	mijag	[myc(k\') | N muz8(a)] eyelid; eyelash.
4	mijug	[myc-, mys8wk\' | N miz8u1] lentil.
4	mir	v. murdan.
4	mistan 3mez	[mstn\', myc- | N me1zi1dan] urinate.
4	mezisnih	urination.
4	mizag	[m(y)ck\' | N maza] taste.
4	mizagdarih	[-d@lyh] (sense of) taste.
4	mizagomand	[-@wmnd] tasty.
4	mizd	[m(y)zd | N muzd] reward, hire, pay.
4	mizdwar	[-wbl | N -u1r] hireling.
4	mizne	[m(y)zny6d6y6] mist, dew.
4	mog	[mwk\'] shoe.
4	mogmard	[mgw-mlt\', -gGBRA | N mug+] magus.
4	mor	[mwl | N mo1r] ant.
4	mord	[mwlt\' | N mo1rd] myrtle.
4	morwarid	[mwlw@lyt\' | M mwrw@ryd, N morwa1ri1d] pearl.
4	mowbed	[mgwpt\' | N mo1bad] Mazdean priest.
4	moy	[mwd | N mo1y] hair.
4	moyag	[mwdk\' | N mo1ya] lamentation.
4	moyen	[mwdyn\'] (made of) hair.
4	moz	[mwc | N mo1z] banana.
4	mozag	[mwck\' | N mo1za] shoe.
4	mudag	[mwtk\'] spoilt, destroyed.
4	mug	[DKRA < A dql@ | N mux] date-palm.
4	muhr	[mwdl | M mwhr, N muhr] seal.
4	muhrag	[mwhlk\' | P mwhrg, N muhra] bead, vertebra, piece (in backgammon, etc.).
4	muhrisn	[mwtls8n\'] excrement.
4	mulan	[mwl@n\'] belly (daevic).
4	murd	[mwlt\' | P mwrt !] death.
4	murdan mir	[YMYTWN-tn\' < A ymwtwn, & mwt; mwltn\' | M mwrd, myr-, N murdan, mi1r-] die.
4	murdar	[mwrt@l, mwld@l | N murda1r] carrion.
4	murnjenidan murnjen	[mwlncyn-ytn\'] destroy.
4	murw	[mwlw\' | M mwrw, (N murg+)] bird.
4	murwag	[mwlw@k\' | M mwrw@, N murwa1] omen.
4	murwizag	[mwlwyck\'] little bird.
4	murwnis	[mwlwnys8] augur, soothsayer.
4	must	[mwst\'] force, violence.
4	must	[mwst\'] = mus8t.
4	must	[mwst\'] complaint.
4	mustabarmand	[mwst\'@p1lm@nd] aggressive, aggressor.
4	mustgar	[-kl] violent, rebellious.
4	mustomand	[mwst@wmnd | N mustmand] complaining, unhappy.
4	musk	[mws8k\' | N mus8k] musk.
4	musk	[mws8k\' | (N mu1s8)] mouse, rat.
4	must	[mws8t\' | N mus8t] fist.
4	mustan mal	[mws8tn\', m@l- | N mus8tan, ma1l-] rub, sweep.
4	nab	[np | N nawa] grandson.
4	nabanazdist	[nb@nzds8t\' = Av. naba1nazdis8ta-] next of kin.
4	naf	[n@p1 | M n@p] family.
4	nafag	[-k\' | N na1f(a)] navel.
4	naft	[npt\' | = M, N naft] moist, damp; naphtha.
4	naft	[npt\'] descendant.
4	nahang	[nsng] province.
4	nakkira	[nkyl@y1] denying, repudiating.
4	nakkirayih	repudiation.
4	nal	[n@l- | P (n@r-), N na1l-] groan, complain.
4	nam	[nm | N nam] moisture.
4	nam	[S8M < A s8m; n@m | = M, N na1m] name, fame.
4	namad	[nmt\' | N namad] felt.
4	namag	[MGLTA < A mglt@; n@mk\' | M n@mg, N na1ma] book, letter.
4	namak	[nmk\' | M nmyhk, N namak] salt.
4	namaz	[OSGDE < A sgdh; nm@c | = M, N nama1z] reverence, prostration, prayer.
4	namaz burdan	pay homage.
4	namburdar	[n@m bwlt@l | N na1m-burda1r] heir, preserving the father\'s name.
4	namcist	[n@m-, S8Mcs8t\'] (pad) na1mc8is8t: in particular, especially.
4	namcistig	[-yk\'] famous, well known.
4	namig	[n@myk\' | N na1mi1] famous, renowned.
4	namigih	renown.
4	nan	[LHMA < A lh2m@; n@n\' | = M, N na1n] bread, food.
4	nang	[nng | N nang] shame, modesty.
4	nar	[ZKL < A zkr; nl | M nr, N nar] male, manly.
4	nargis	[nlgs | N nargis] narcissus.
4	narig	[n@(y)lyk\'] woman, lady, wife.
4	narm	[nlm | M nrm, N narm] meek, humble, soft.
4	nasa	[ns@y | M n(y)s@h, N nasa1] corpse, carrion.
4	nask	[nsk\' | N nask] a division of the Avesta.
4	nasrustih	[nslws8t\', -yh] pollution, corruption.
4	nastaran	[nstln\' | N nastaran] dog-rose, sweet briar.
4	nawad	[90 | N nawad] ninety.
4	naxcir	[nhcyl | M nhcyhr, P nxcyr, N naxc8i1r] game, quarry, chase.
4	naxod	[nhwt\' | N naxo1d] chick-pea.
4	naxsag	[nhs8k\' | P nxs8g] good, fine.
4	naxun	[n@hwn\' | N na1xun] (finger) nail.
4	naxust	[nhwst\' | M nxwst, N naxust] first.
4	nay	[KNYA < A qny@; n@d | N nay] reed, cane.
4	nay	v. ni1dan.
4	nay	[n@d | M n@y, N na1y] tube, flute, clarion; pole, perch (10 ft.).
4	nay pazd	blow, play the flute.
4	naydag	[n@ywt@k\'] deep, unfordable, navigable.
4	nayestan	[KNYAst@n\' | N nayesta1n] reed-bed, cane-brake.
4	nayizag	[n@yck\' | N na1yi1za] small reed, straw.
4	naysray	[n@dsl@d] flautist.
4	nazd	[nzd | = M, N nazd] near.
4	nazdik	[nzdyk\' | = M, N nazdi1k] near.
4	nazdikih	proximity.
4	nazdist	[nzdst\'] first.
4	nazisn	[n@cs8n\' | N na1zis8] 1. boasting; 2. kindness.
4	nazuk	[n@cwk\' | (M n@zwg), N na1zuk] tender, gentle; fickle.
4	ne	[LA < A l@ | M ny, N na] no, not.
4	nek	[nywk\' | M nyk, N ne1k] good, beautiful.
4	nekih	goodness.
4	nekgohr	[nywk gwhl] good-natured, virtuous.
4	nekgohrih	goodness, virtue.
4	nekog	[nywkwk\' | M nyyqww!, N ne1ko1] = ne1k.
4	nem	[PRG < A plg; nym | = M, N ne1m] half.
4	nemag	[nymk\' | N ne1ma] half, side, direction.
4	nemasp	[-@sp] centaur; astr. Sagittarius.
4	nemroz	[-lwc | M -rwc, N ne1m-ro1z] midday, south.
4	nemtan	[-tn\' | N ne1m-tan] middle of the body.
4	nerang	[nylng | N ne1rang] incantation, charm, spell.
4	nerog	[nylwk\' | M nyrwg, N ne1ro1] strength, power.
4	nerogomand	[-@wmnd] strong, powerful.
4	nest	[LOYT\' < A l@ @yty | M nyst, N ne1st] is not.
4	nestih	non-existence.
4	new	[TB6 < A t2b; nyw\' | = M, N ne1w] good, brave.
4	newardaxsir	[nyw@lths8yl | N nard !] backgammon.
4	nezag	[nyck\' | N ne1za] lance.
4	nezuman nezumanig	[nycwm@n\', -yk\' | M nyzwm@n] dextrous, skilful.
4	nezumanih	skill, artistry.
4	nibard	[nplt\' | N nabard] fight, struggle, battle.
4	nibardag	[-k\' | N nibarda] tried, experienced.
4	nibardidan nibard	[nplt-ytn\' | P nbrd@d] fight, do battle.
4	nibastan nibay	[S8KBHWN-tn\' < A & s8kb; npstn\', npd- | M nbst] lie down, sleep.
4	nibastan nibay	[np@stn\' | M nb@st, nb@y-] lay down.
4	nibeg	[npyk\' | N niwe1] writing, scripture, book.
4	nibem	[npdm | (P nbdm-)] lying, prostrate.
4	nibistan nibes	[Y6KTYBWN-stn\' < A yktbwn, & ktb; nps8tn\' | M nbys8t, nbys-, N nibis8tan, nibe1s-] write.
4	nidan nay	[YD6(B6)LWN-tn\' < A ydbrwn, & dbr | M nyydn, ny-] lead.
4	nidom	[nytwm] least, smallest.
4	nifridag	[nplytk\' | N nifri1d] accursed.
4	nifrin	[nplyn\' | N nifri1n] curse.
4	nigah	[nk@s | M ng@h, N niga1h] look, attention.
4	nigah dastan	watch, keep.
4	nigah kardan	look.
4	nigahdarih nigahdarisnih	[-d@l(s8n)yh | N niga1hda1ri1] keeping, care.
4	nigan	[nk@n\' | P ng@n] buried.
4	nigar	[nk@l- | M ng@r-, N niga1r-] draw, design, paint.
4	nigarag	[-k\' | (M ng@r, N niga1r)] image, picture, diagram.
4	nigastar	[nk@st@l] guard; protective.
4	nigeridan niger	[nkyl-ytn\' | N nigari1dan] look, observe.
4	nigerisn	observation.
4	nigerisnig	evident, manifest.
4	nigextan nigez	[nkyhtn\', nkyc-] expound.
4	nigezisn	exposition.
4	nigez	[nkyc] exposition.
4	nigun	[nkwn\' | N nigu1n] inverted, upside down.
4	nigunih	depth, downward direction.
4	nigunsar	[-s@l | M ngwns@r] downwards.
4	nihadag	[nyd@tk\' | M nyh@dg] foundation.
4	nihadan nih	[HNHTWN-tn\' < A hnh2t, & nh2t | M nyh@d, nyh-, N niha1dan, nih-] put, place, establish.
4	nihal	[nh@l | N niha1l] sapling, self-planted tree.
4	nihan	[nyh@n\' | N niha1n] concealment, secrecy.
4	nihanig	[-yk\' | N niha1ni1] secret.
4	nihang	[nsng] small, few.
4	nihuftan nihumb	[nhwptn\', nhwmb- | = M, N nihuftan, nihumb-] cover, hide, conceal, clothe.
4	nihumbidan	[nhwmbytn\'] = nihuftan.
4	nikohidan nikoh	[nkwh-ytn\' | N *niko1hi1dan, niko1h-] blame, execrate.
4	nikohisn	blame.
4	nikohisnig	blameworthy, execrable.
4	nil	[nyl | N ni1l] indigo.
4	nilopal	[nylw(k)pl | N ni1lo1pal, ni1lo1far] lotus, water-lily.
4	nimudan nimay	[nmwtn\', nm@d- | M nmwdn, nm@y-, N nimu1dan, nima1y-] show, guide.
4	nirfs	[nlps-] wane, decrease.
4	nirfsisn	decrease, diminution.
4	nirmad	[nylmt\'] profit, interest.
4	nirmadomand	[-@wmnd] profitable.
4	nisag	[nys@k\' | P nys@g] bright, splendid.
4	nis	[nys8- | M nyys8-ydn, J ni1s8] see, observe.
4	nisan	v. nis8a1stan.
4	nisan	[nys8@n\' | = M, N ni30s8a1n] sign, mark, banner.
4	nisast	[ns8st\' | N nis8ast] association.
4	nisastan nisin	[YTYBWN-stn\' < A & ytb; ns8stn\' | M ns8st, (ns8yy-), N nis8astan, nis8i1n-] sit.
4	nisastan nisan	[YTYBWN-stn\', -@n-; ns8@stn\', ns8@n- | M ns8@st, (ns8@y-), N nis8a1stan, nis8a1n-] set, seat, plant, found.
4	nisayisn	[ns8@ds8n\' | M ns8@y-, v. nis8a1stan] foundation.
4	niseb	[ns8yp1 | N nis8e1b] declivity; astr. dejection.
4	nisebig	[-yk\'] declining.
4	nisem	[ns8dm | M ns8ym, N nis8e1man] seat, perch.
4	nisemag	[-k\'] residence, abode.
4	nisin	v. nis8astan.
4	niwag	[nw@k\' | M nw@g, N nawa1] music, song, melody.
4	niwe	[nwyk\' | (N nuwe1d)] good news.
4	niwey niweyisn	v. niwistan.
4	niweyenidan	[nwykyn-ytn\'] = niwistan.
4	niwistan niwey	[nwstn\', nwyd- | nwyk-] announce, consecrate.
4	niweyisnih	announcement.
4	nixwar	[nswb@l- | M nyxw@r-] hasten.
4	nixwarisn	haste.
4	niyabag	[nyd@p1k\' | M ny@bg] becoming, fitting, suitable.
4	niyabagih	suitability.
4	niyag	[nyd@k\' | M ny@g, N niya1] grandfather, ancestor.
4	niyayisn	[nyd@ds8n\' | N niya1yis8] prayer, praise.
4	niyaz	[nyd@c | M ny@z, N niya1z] need, want, misery.
4	niyazomand	[-@wmnd | N niya1zmand] needy.
4	niyazomandih	poverty.
4	niyoxsidan niyoxs	[n(y)dwhs8-ytn\' | M nyws8-, N niyo1s8i1dan] hear.
4	niyoxsisn	hearing.
4	nizar	[nz@l | (P nyz@wr), N niza1r] weak, feeble.
4	nizarih	weakness.
4	nizarih	[nz@lyh-] become weak.
4	no	[TS8A < A ts8@ | M nwh, N nuh] nine.
4	nog	[nwk\' | M nwg, N naw] new, recent.
4	nogroz	[-lwc | N nawro1z] New Year\'s day.
4	nogzadag	[-z@t(k)\' | N nawza1d] new-born.
4	nohom	[nhwm | = M, N nohom] ninth.
4	nozdah	[nwzdh | N no1zdah] nineteen.
4	nun	[KON < A k§n | M, J nwn] now.
4	o	[OL < A §l; @w | M @w] to, at; v. also o1h.
4	o gird amadan	gather, collect (intr.).
4	o ham kardan	gather (tr.).
4	o ham madan	gather (intr.); come to an end.
4	obad	v. o1bastan, *o1fta1dan.
4	obardan obar	[@wp@l-tn\' | M @wb@rd] swallow, devour.
4	obastan obad	[NPLWN-stn\' < A & npl; @wpstn\', @wpt- (if not
4	oft	q.v.) | M @wbyst, J @wb+st-] fall.
4	oftadan oft	[@wpt- | M @wpt@d, N uftta1dan] fall.
4	ogar	[@wk@l] ebb.
4	ogardan ogar	[@wk@l-tn\'] remove, expel.
4	ogra	[@wgl@y] declination, dip.
4	oh	[KN < A kn | M @wh] so, thus; (with verbs, giving a sense of uncertainty) may, perhaps.
4	Ohrmazd	[@whrmz6d | M @whrm(y)zd, N Ho30rmuzd] Ahura Mazda; astr. Jupiter; cal. 1st day of the month.
4	om	[-wm | = M, N -om] suffix forming ordinal numbers from
4	panjom	onwards.
4	omand	[-@wmnd | M -wmnd, N -mand] suffix forming adjectives of quality.
4	orebih	[@wlyp(yh)] disappointment.
4	oron	[@wlwn\' | M @wrwn] hither.
4	az ...oron	since.
4	osan	[@ws@n- | = M] throw down.
4	ospurdan ospar	[@wspl-tn\'] tread, trample.
4	ostø	v. awestø.
4	ost	[@wst\'] firm, reliable.
4	ostigan	[@wstyk@n\' | M hwstyg@n, N ustuwa1n?] firm, strong, sure, reliable.
4	ostiganih	reliability.
4	os	[@ws8 | = M, N ho1s8] consciousness, intelligence.
4	osih	= o1s8.
4	os	[@ws8 | = M] death.
4	os	[@ws8] dawn.
4	osastar	[@ws8stl] east.
4	osebam	[@ws8b@m | M @ws8yb@m] dawn.
4	osmarag	[@ws8m@lk\' | N s8uma1ra] calculation, reckoning.
4	osmurdan osmar osmur	[MNYTWN-tn\' < A & mnh; @ws8mwltn\', @ws8m@l- | M @(w)s8m@r-, N s8umurdan, s8uma1r-] count, reckon; consider, notice, remember, study.
4	osmarisb osmurisn	reckoning; consideration, study.
4	osmurdig	[@ws8mwltyk\'] calculated (of the solar calendar).
4	osomand	[@ws8@wmnd] mortal.
4	osyar	[@ws8d@l | N ho1s8ya1r] conscious.
4	o0won	[@wgwn\' | M @@wn] as, so.
4	oy	[OLE < A §l-h | M @wy, N o1y] he, she, that; (pl. awe1s8a1n).
4	oyrist	[@w(k)yls8t\' = Av. awaoiris8ta-] a degree of sin.
4	oz	[@wc] strength, power.
4	ozadan ozan	[YKTLWN-, Y6KTLWN-tn\' < A yqt2lwn, & qt2l; @wctn\' | M @wzdn, @wzn-] kill.
4	ozarak	[@wc@lk\' | M hwz@rk] little, small, few.
4	ozomand	[@wc@wmnd] strong, powerful.
4	paccen	[pcgn\'] copy.
4	paccibag	[pcyp1@k\', PWNc- | N *paj8i1w] *deceptive.
4	paccibagih	deceit, hypocrisy.
4	paccibay	[pcyp@d-, PWNc-] deceive.
4	pad	[PWN, for *pty | M pd, N pa] to, at, in, on.
4	pad	[pt- | M *pd-] fall.
4	padam	[pd@m | (N pana1m)] mask for the mouth, worn by a celebrating priest.
4	padan pay	[NTLWN-tn\' < A & nt2r; p@tn\', p@d- | M p@d, p@y-, N pa1yi1dan] protect, watch, defend.
4	padan pay	[NTLWN-tn\', etc.] stand, wait.
4	padasn	[p@td@s8n\' | M p@d@s8yn, N pa1da1s8] reward, retribution.
4	padex	[ptyhw\'] flourishing, prosperous.
4	padexih	prosperity.
4	padexenidan padexen	[ptyhwyn-ytn\'] make flourish, prosper.
4	padez	[p@tyc | M p@dyz, N pa1ye1z] autumn.
4	padgohr	[PWNgwhl] 1. jewelled; 2. of good stock, well-born.
4	padifrah	[p@tpl@s | M p@dypr@h, N *pa1dafra1h] punishment, retribution.
4	padir padirisn	v. padi1riftan.
4	padirag	[ptylk\' | M pdyrg, N pad+i1ra] towards, against, counter-.
4	o padirag madan	come to meet.
4	padiragih	meeting, opposition.
4	padiran	[p@tgl@n\'] restrained, held back.
4	padiranenidan padiranen	[p@tgl@n(yn)-ytn\'] restrain, impede.
4	padiriftan padir	[MKB6LWN-tn\' < A mqbl, & qbl; ptgl-ptn\' | M pdyr-yptn, N pad+i1ruftan] receive, accept.
4	padirisn	reception, acceptance.
4	padisar	[ptys@l | N padi1sa1r ?] beginning, basis.
4	padisar	[ptys@l] bridle, halter.
4	padisay	[pts@d | M pdys@y] on account of, for the sake of.
4	padist	[ptst\' | P pdyst] promise, vow.
4	padist abar burdan	promise.
4	padistadan padist	[ptyst-@tn\' | (P pdystwd)] promise, vow.
4	padistag	[ptyst@k\' | (M pdyst@w)] = padist.
4	padis	[pts8 | M pdys8] to him, it; postposition (= pad) to, etc.
4	padistan	[ptys8t@n\' | P pdys8t@@n] leg.
4	padisxwar	[pts8hwl] dish, bowl.
4	padixsay	[S8LYTA < A s8lyt2@; p@ths8@(d) | M p@dxs8@y] ruler; powerful, authoritative, authorized.
4	padixsayih	sovereignty, authority.
4	padixsir	[p@ths8yl] agreement, treaty.
4	padnerog	[PWNnylwk\'] strong.
4	padnigerisn	[PWNnkyls8n\'] cared for, guarded.
4	padofrah	[p@twpl@s] = pa1difra1h.
4	padpanag	[PWNp@nk\'] guarded, protected.
4	padrazm	[p@tlcm] battle.
4	padrozag	[p@tlwck\' | M p@drwcg] fasting.
4	paduzwan	[p@t@wzw@n\'] reticent.
4	paduzwanih	reticence.
4	padwizen	[PWNwcyn\'] choice, select.
4	padyab	[p@ty@p1 | N pa1dya1b] ritually clean; ceremonial ablution.
4	padyabih	ceremonial ablution.
4	padyawand	[p@tyd@wnd | J p@dywnd] strong, powerful.
4	padyawandih	strength, superiority.
4	padzahr	[p@tzhl | N pa1(d)zahr] bezoar, antidote.
4	padzyan	[PWNzyd@n\'] harmful.
4	pafsar	[pps8@l-] shame.
4	pafsir	[pps8yl-] be ashamed.
4	pafsirisnih	shame.
4	pah	[p@h] sheep.
4	pahast	[-st\'] sheep-fold, -pen.
4	pahikaftan pahikaf	[ptkp-tn\' | M phykf-] fall on, touch, hit, attack.
4	pahikafisn	attack, fight.
4	pahikaftan pahikaf	[ptk@p1-tn\'] throw on, make fight.
4	pahikar	[ptkl | M phykr, N paykar] picture, image.
4	pahikar	[ptk@l | M phyk@@r, N payka1r] struggle, battle, dispute.
4	pahikar	[ptk@l-] fight, contend with, defeat.
4	pahikardan 2pahikar	[ptk@l-tn\'] request, claim, consult.
4	pahikoftan pahikob	[ptkwp-tn\'] strike.
4	pahlawig	[*p@hlwbyk\' | (M phlw@nyg), N pahlaw(a1n)i1] Parthian; Pahlavi.
4	pahlom	[p@hlwm] excellent, best, foremost.
4	pahlomih	excellence.
4	pahlug	[p@hlwk\' | N pahlu1] side, rib.
4	pahn	[p@hn\' | N pahn] wide, broad.
4	pahnay	[-@d | N pahna1] width, breadth.
4	pahrextan pahrez	[p@hlyhtn\', p@hlyc- | M phryz-, J pahre1xtan, pahre1z-, N parhe1xtan, parhe1z-] abstain, refrain, avoid.
4	pahrextan pahrez	[p@hlyhtn\', p@hlyc- | M (phrystn), phryz-] care for, tend, protect.
4	pahrez	[p@hlyc | N parhe1z] defence, care.
4	pahrmah	[ptlm@h- | (N parma1s-)] touch.
4	pahrmahagih	[-@kyh] touch, feeling.
4	pahrmahisn	touch, feeling.
4	pak	[DKYA < A dky@; p@k\' | = M, N pa1k] clean, pure, holy.
4	pakih	purity, holiness.
4	pakizag	[p@kyck\' | N pa1ki1za] pure.
4	palang	[pl+ng | N palang] leopard.
4	palangmusk	[-mws8k\' | N palang-mus8k] speckled basil.
4	paludag	[p@lwtk\' | N pa1lu1da] starch jelly, flummery.
4	paludan palay	[p@l+wtn\', p@l+@d- | (M p@rwdn, p@r@y-), N pa1lu1dan, pa1la1y-] strain, filter, purify.
4	pambag	[pmbk\' | N panba] cotton.
4	pambagen	[-yn\'] (made of) cotton.
4	panag	[p@n(@)k\' | M p@ng] guard, protector; shepherd.
4	panagih	protection.
4	panah	[pn@h | = M, N pana1h] protector; refuge.
4	pad panah griftan	take refuge with.
4	panahih	protection.
4	pand	[pnd | = M, N pand] path; counsel, advice.
4	panir	[pnyl | N pani1r] cheese.
4	panj	[pnc | P pnj, (M pnz), N panj8] five.
4	panjag	[-k\' | N panj8a] pentad; hand, paw.
4	panjah	[-@h | N panj8a1h] fifty.
4	panzdah	[p@ncdh | M p@nzdh, N pa1nzdah] fifteen.
4	parag	[p@lk\' | N pa1ra] piece, part, portion.
4	parag	[p@lk\' | M p@rg, N pa1ra] gift, offering, bribe.
4	parahom	[pl@hwm = Av. para.haoma-] consecrated drink (the infusion in holy water of pounded ho1m and pomegranate twigs, sometimes with milk added).
4	pardag	[pltk\' | N parda] veil, curtain.
4	pardaxtan pardaz	[pldhtn\', pldc- | M prdxt, N pardaxtan, pardaz-] be done with, freed of.
4	pardaxtan az	be done with, freed of.
4	pardaxtan o	set about, undertake.
4	pardazisn	freedom; undertaking.
4	pardaxtan pardaz	[pld@htn\', pld@c- | N parda1xtan, parda1z-] accomplish.
4	pardaxtan az	free (oneself) from.
4	pargandan pargan	[plkn-, plgn-dn\' | (P pr@gnd, N para1gandan)] scatter, distribute, disperse.
4	pargast	[plgst\' | N pargast] let it not happen! Heaven forbid!
4	pargud	[plgwt\' | P prgwdg] free, exempt from.
4	pargud az	free, exempt from.
4	parig	[plyk\' | M pryg, N pari1] witch.
4	paristag	[plstk\' | N pirista] servant.
4	paristagih	service; worship.
4	paristar	[plst@l | N parasta1r] maidservant.
4	paristidan parist	[plst-ytn\' | M pryst-, N parasti1dan] serve, worship.
4	paristisn	service, worship.
4	paristog paristok	[plstwk\' | P prstwg, N piristu1(k)] swallow.
4	parnagan	[plnyk@n\' | M prng@n, N parniya1n] polychrome damask.
4	parr	[pl | M pr, N parr] feather, wing.
4	parrag	[plk\', plg | P prg, N parra] wing.
4	parragig	[-yk\'] winged.
4	parrextan parrez	[plyhtn\', plyc-] remain over, be superfluous.
4	parron	[plwn\' | M prwn] hence, away.
4	parrwar	[plwl | M prwr] winged.
4	parsig	[p@lsyk\' | N pa1rsi1] Persian.
4	pars	[pls8] spotted, speckled.
4	parwal	[plw@l | (P prwrz)] refreshment, nourishment.
4	parwal	[plw@l- | (P prwrz@dn)] foster, nourish.
4	isn	nourishment.
4	parwanag	[plw@nk\' | M prw@ng, N parwa1na] guide, leader.
4	parwanagih	guidance, leadership.
4	parwand	[plwnd | N parwand] enclosure, comprehension.
4	parwand	v. parwastan.
4	parwangah	[*plw@ng@s] throne.
4	parwar	[plyw@l | N parwa1r] citadel; circumvallation; suburb, surroundings.
4	parwardan parwar	[plwl-tn\' | M prwrdn, N parwardan, parwar-] foster, nourish, cherish, educate.
4	parwarisn	nourishment, fostering, education.
4	parwast	[plwst\'] enclosure.
4	parwastan parwand	[plwstn\', plwnd-] surround, enclose, contain, comprise.
4	parwaz	[plw@c | N parwa1z] flight.
4	parzin	[plcyn\' | M prcyn, J przyn, (N parc8i1n)] fence, hedge.
4	pas	[AHL < A @h2r; BATL < A b-@tr; ps | = M, N pas] then, afterwards, behind.
4	pas az	after.
4	pasih	rear.
4	pas	[p@s | = M, N pa1s] guard, watch.
4	pas dastan	keep watch, guard.
4	pasban	[p@sp@n\' | M p@sb@n, N pa1sba1n] guardian, watcher.
4	pasbanih	defence, protection.
4	pasdanisnih	[AHLd@ns8nyh] anti-knowledge.
4	pasemal	[psym@l, v. hame1ma1l] defendant, accused.
4	pasemalih	(legal) defence.
4	pasen	[psyn\' | N pasi1n] final, last.
4	pasox	[p@shw\' | N pa1sox] = passox.
4	passand	[psnd | N pasand] pleasure, liking.
4	passandidan passand	[psnd-ytn\' | M psynd-, N pasandi1dan] like, approve.
4	passandisn	liking, approval.
4	passandisnig	likeable.
4	passaxt	[ps@ht\'] test.
4	passaxtan passaz	[ps@htn\', ps@c- | M ps@xt, ps@c-] fashion, prepare; insert; test.
4	passazisn	preparation, constitution.
4	passazag	[psck\' | M pscg] suitable, fitting.
4	passazagih	suitability.
4	passox	[pshw\' | M pswx, N pa1sux] answer.
4	past	[pst\' | N past] low; astr. dejection.
4	paseman	[ps8ym@n\' | = M, N pas8e1ma1n] penitent, repentant.
4	pasemanih	penitence, repentance.
4	pasm	[ps8m | N pas8m] wool.
4	pasmen	[-yn\' | N pas8mi1n] woollen.
4	pasn	[ps8n\'] bond, agreement.
4	pasnag	[p@s8nk\' | N pa1s8na] heel.
4	pasom	[p(@)s8wm] excellent.
4	passing	[ps8ng | N pis8ing] drop, exudation.
4	passinjag	[ps8nck\' | N pis8anj8a] drop.
4	passinjidan passinj	[ps8nc-ytn\' | N pis8anj8i1dan] sprinkle.
4	passinjisn	sprinkling.
4	pastag	[ps8t(k)\' | J ps8t] pact, bond, agreement.
4	pattan	[pt@n\'] noise, resonance.
4	pattanomand	[-@wmnd] resonant.
4	pattayistan	[pt@dstn\'] = pattu1dan.
4	pattudan pattay	[ptwtn\', pt@d- | P ptwdn, M pt@y-] stay, remain, last, endure.
4	pattug	[ptwk\'] enduring, patient, persevering.
4	pattugih	endurance, patience, perseverance.
4	paxsag	[phs8k\' | N pas8a] mosquito, gnat.
4	pay	[pdy | N pay] foot; footstep, track.
4	pay i	after.
4	pay	[pdy | M pyy, N pay] sinew, tendon.
4	pay	[LGLE < A rglh; p@dy | M p@y, N pa1y] foot, leg; foot (12 in.).
4	2pay	v. ü1,ü2pa1dan.
4	payadag	[pd@tk\' | M py@dg, N piya1da] on foot, foot-soldier, (chess) pawn.
4	payag	[p@d(y)k\' | N pa1ya] base, station.
4	paydag	[pyt@k\' | M pyd@g, N payda1] visible, obvious, revealed.
4	paydagih	visibility, appearance.
4	paydagenidan paydagen	[pyt@kyn-ytn\' | M pyd@gynyd] reveal, explain.
4	paydagihistan paydagih	[pyt@kyh-stn\'] appear, be revealed.
4	payg	[pdk\' | (P pdg), N payg] foot-soldier, courier.
4	paygal	[pyg@l | N payg+a1la, piya1la] cup, goblet.
4	paygalgar	[-kl] cup-maker.
4	paygam	[pgt@m! | M pyg@m, N pay(g+)a1m] message.
4	paygambar	[-bl | N -bar] messenger, apostle.
4	paygos	[p@tkws | M p@ygws] district, province.
4	payman	[ptm@n\' | M pym@n, N payma1n] measure, period; moderation; treaty.
4	o payman madan	reach maturity.
4	paymanag	[-k\' | N payma1na] period, measure, proportion.
4	paymanig	[ptm@nyk\'] moderate.
4	paymanigih	moderation.
4	paymar	[PKDWN < A pqdwn; p@tym@l] appointment, assignment.
4	paymay	v. paymu1dan.
4	paymog	[ptmwg | M pymwg] clothes, garment.
4	paymoxtan paymoz	[ptmwhtn\', ptmwc- | M pymwxt, pymwc-] don, wear.
4	paymozan	[ptmwcn\' | M pymwcn] garment, dress.
4	paymudan paymay	[ptmwtn\', ptm@d- | N paymu1dan, payma1y-] measure.
4	payram	[p@tlm] the commonalty, people.
4	payrastan payray	[pt-, pyl@stn\', pyl@d- | M pyr@st, pyr@y-, N pe1ra1stan] arrange, adorn.
4	payrayag	[pyl@dk\' | M pyr@yg, N pe1ra1ya] ornament, adornment.
4	payrog	[ptlwk\'] light, brightness.
4	paywand	[ptwnd | (M pywn), N paywand] connection; offspring.
4	paywand	v. paywastan.
4	paywasag	[ptw@sk\'] leather bag, wallet.
4	paywastag	[ptwstk\' | N paywasta] continually.
4	paywastan paywand	[ptwstn\', ptwnd- M pywst, (pywyn-), N paywastan, paywand-] join, connect.
4	paywaz	[ptw@c- | M pyw@z-] answer, reply.
4	paywazag	[-k\'] response.
4	paywazisn	response.
4	paz	v. poxtan.
4	pazand	[p@cnd | N pa1zand] the Pahlavi commentaries on the scriptures (zand), transcribed in Avestan letters.
4	pazd	[pzd | = P] oppression, persecution.
4	pazd	[pzd- | = M] blow, play (flute).
4	pazdagih	[pzdkyh] expulsion.
4	pazdenidan pazden	[pzdyn-ytn\' | P pzd-] frighten, chase.
4	pazen	[p@c(y)n\' | M p@cn, N pa1zan] ibex.
4	pazug	[pzwk\' | (N payu1k, xabazdu1)] guinea-worm.
4	pazug i guhgard guhward	dung worm.
4	pazzaftan	[pz@p1tn\' | (M pzpt, intr.)] (cause to) ripen.
4	pazzam	[pz@m-] mature, ripen (intr.).
4	pazzamisn	maturation, ripening.
4	pazzamenidan	[pz@myn-ytn\'] = pazza1ftan.
4	pecidan pec	[pyc-ytn\' | N pe1c8i1dan, pe1c8-] twist, entwine.
4	pem	[pym] milk.
4	pemenidan pemen	[pymyn-ytn\'] cause to well up, swell up.
4	pen	[p(y)n\'] mean, miserly, niggardly.
4	penih	meanness.
4	peramon	[pyl@mwn\' | M pyr@mwn, N pe1ra1mu1n] around.
4	peroz	[pylwc | M pyrwz, N pe1ro1z] victorious.
4	perozih	victory.
4	perozgar	[pylwckl | N pe1ro1zgar] victorious.
4	perozgarih	victory.
4	pes	[pys | N pe1s] mottled, leprous; leper.
4	pesidan pes	[pys-ytn\'] colour, adorn.
4	pesisn	adornment.
4	pestan	[pyst@n\' | N pesta1n] breast.
4	pes	[LOYN\' < A l-§yn; pys8 | = M, N pe1s8] before.
4	pesag	[pys8k\' | N pe1s8a] trade, craft; guild, caste.
4	pesag	[pys8k\'] limb, member, part.
4	pesanig	[pys8@nyk\' | N pe1s8a1ni1] forehead.
4	pesar	[pys8@l | M pys8@r] leader, guide.
4	pesar budan	be guilty (of), commit.
4	pesarwar	[pys8@lw@l, v. pe1s8ya1r] urination.
4	pesemal	[pys8ym@l, v. hame1ma1l] plaintiff.
4	pesemalih	prosecution.
4	pesenig	[pys8ynyk\' | (M pys8yn(g), N pe1s8i1na)] former; foremost, noble.
4	pesgah	[pys8g@s | N pe1s8-ga1h] audience chamber; foremost seat.
4	peskar	[pys8k@l | N pe1s8-ka1r] servant.
4	pesobay	[pys8(@)wp@d | M pys8wb@y, N pe1s8wa1] leader, vanguard.
4	pesobayih	leadership.
4	pesparag	[pys8p@lk\' | N pe1s8-pa1ra] an appetizer.
4	pesyar	[pys8k@l | N pe1s8ya1r] urine.
4	petit	[pytyt\' = Av. paitita-] penance.
4	petitig	[-yk\'] penitent.
4	petitigih	penitence.
4	petyarag	[p(y)tyd@lk\' = Av. paitya1ra- | M pty@r, N patya1ra] evil, misfortune; adversary; astr. detriment.
4	petyaragih	(onslaught of) evil.
4	pid	[AB\' < A @b-y; p(y)t\' | M pyd] father.
4	pid	[p(y)t\' | P pyd] meat, flesh.
4	pidar	[ABYtl, v. ü1pid; pytl | M pydr, N pidar] father.
4	pih	[pyhw\'] food, victuals.
4	pih	[TLBA = A trb@; pyh6 | N pi1h] fat, tallow.
4	pil	[pyl+ | M pyl, N pi1l] elephant; (chess) bishop.
4	pilban	[-p@n\' | N pi1lba1n] elephant-driver.
4	pillagan	[plk@n\' | M pylg, N pillaga1n] steps, ladder.
4	pim	[pym] pain, pang, sorrow.
4	pimgen	[-kyn\'] sorrowful.
4	pir	[pyl | N pi1r] old, aged, ancient.
4	pirih	age.
4	piring	[plng | M pryng, (N pirind)] monochrome damask.
4	pist	[pst\' | N pist] browned flour.
4	pistag	[pstk\' | N pista] pistachio nut.
4	pisiz	[ps8yc | N pis8i1z] small copper coin, `farthing\'.
4	pohisn	[pwhs8n\'] corruption, decay.
4	polawad	[pwl@p1t\' | M pwl@wd, N po1la1d] steel.
4	polawaden	[-yn\'] (made of) steel.
4	pondik	[pndk\' | Ar. b/funduq] hazel-nut.
4	por	[pwl | N po1r] francolin.
4	poryotkes	[pwlyw(k)tkys8 = Av. paoiryo1.t6kae1s8a-] (one of) the first teachers of the Mazdean religion.
4	poryotkesih	the primal doctrine of the Mazdean religion.
4	post	[pwst\' | = M, N po1st] skin, hide; bark, shell.
4	posten	[-yn\' | N po1sti1n] (made of) skin.
4	posidan pos	[pws8-ytn\' | N po1s8i1dan, po1s8-] cover, put on, wear.
4	posisn	covering.
4	potk	[pwtk\' | N potk] sledge-hammer.
4	poxtan paz	[APPWN-tn\' < A &@ph; pwhtn\', pc- | M pwxtn, N poxtan, paz-] cook, bake.
4	poy	[pwd- | (P pwd-), N po1y-] run.
4	poyisnig	running.
4	pozag	[pwc(k\') | N po1z(a)] snout, muzzle.
4	pudag	[pwtk\' | N pu1da] foul, rotten.
4	pudagih	rottenness.
4	puhl	[pwhl | N pul] bridge.
4	puhl	[pwhl] expiation, atonement; punishment.
4	puhlenidan	[pwhlynytn\'] cause to atone.
4	purnay	[pwln@d] adult.
4	purr	[MALE < A mlh; pwl | M pwr, N purr] full.
4	purrgah	[-g@s] at the fullness of time, about to die.
4	purrmah	[-m@h] full moon.
4	purrrawisnih	[-lwbs8nyh] fullness.
4	purrsardag	[-sltk\'] of all kinds.
4	purrxwarrah	[-GDE] full of glory.
4	pursidan purs	[pwrs-ytn\' | M pwrs-ydn, N pursi1dan, purs-] ask.
4	pursisn	question.
4	pursisnig	responsible.
4	pus	[BRE < A br-h; pws | = M, N pus] son.
4	pusar	[BREl, pwsl | M pwsr, N pusar] son.
4	pusyan	[pwsd@n\' | M pwsy@n] womb.
4	pust	[pws8t\' | = M, N pus8t] back; support, protection.
4	pustag	[pws8tk\'] load (carried on the back).
4	pustiban	[pws8tykp@n\' | N pus8ti1ba1n] supporter, bodyguard.
4	pustibanih	support, protection.
4	rabih	[lpyh | M rbyh] noon, midday (heat).
4	rad	[lt\' | N rad] (spiritual) chief, master.
4	radih	office of rad.
4	rad	[l@t\' | P r@d, N ra1d] generous, liberal.
4	radih	generosity, liberality.
4	radag	[ltk\' | M rdg, N rada] line, rank, row.
4	radomand	[lt@wmnd] having a rad.
4	radpassag	[ltps@k\'] ceremonies of the ga1ha1nba1r festivals.
4	radunay	[ltwny = Av. ratunaya-] one under the guidance of a rad.
4	raftan raw	[SGYTWN-tn\' < A & sg@; lwb- | M rptn, rw-, N raftan, raw-] go, move, proceed.
4	rawisn	v. rawis8n.
4	raftar	[lpt@l | N rafta1r] goer.
4	rag	[lk\' | M rg, N rag] vein.
4	ragih	disposition, character.
4	rag	[lgy1 | P rg] quick, swift.
4	rag	[l@g | N ra1g+] meadow, plain.
4	rah	[ls, lh6, lhy1 | M rh(y)] chariot, wagon.
4	rah	v. rastan.
4	rah	[l@s | M r@h, N ra1h] road, way.
4	rahag	[lhk\' | P rhg] = rag.
4	rahdar	[l@sd@l | N ra1h-da1r] brigand, highway robber.
4	rahdarih	brigandage.
4	rahig	[lsyk\', lhyk\' | M rhyg, N rahi1] child, page.
4	rahigih	childhood.
4	rahnimay	[l@snm@d | (M r@hnmwd@r), N ra1hnuma1] guide.
4	ram	[l@m | M r@m, N ra1m] peace; cal. 21st day.
4	ramag	[lm(k\') | P rm, N ram(a)] herd, flock.
4	ramenidan ramen	[l@myn-ytn\' | M r@myn-] give peace, pleasure.
4	ramisn	[l@ms8n\' | M r@mys8n, N ra1mis8] peace, ease, pleasure.
4	ramisnig	[-yk\' | N ra1mis8i1] peaceful, at ease.
4	ran	[l@n\' | N ra1n] thigh.
4	ran	[l@n-] fight.
4	randidan rand	[lnd-ytn\' | N randi1dan, rand-] scratch, grate, abrade.
4	rang	[lng | M rng, N rang] colour, dye.
4	ranj	[lnc | P rnj, (M rnz), N ranj8] toil, trouble.
4	ranjag	[-k\' | N ranj8a] troubled.
4	ranjenidan ranjen	[lncyn-ytn\'] trouble.
4	ranjwar	[lncwl | (M rnzwr), N ranj8u1r] troubled, distressed.
4	rapihwin	[lpys-, lpyt-pyn\', -wyn\' = Av. rapit+b+ina-] the afternoon ga1h; south.
4	rapihwintar	[-tl] southern.
4	rasan	[lsn\' | N rasan] rope.
4	rasenidan rasen	[lsyn-ytn\'] bring.
4	rasidan ras	[YHMTWN-tn\' < A yhmt2wn, & mt2@; ls-ytn\' | M rs-ydn, N rasi1dan, ras-] arrive, mature.
4	raspig	[l@spyk\'] second officiating priest.
4	rast	[l@st\' | M r@st, N ra1st] true, straight, direct.
4	rastih	truth.
4	rastag	[lstk\' | N rasta] series, row, progression; element.
4	rastan rah	[lstn\', l(@)h- | N rastan, rah-] escape.
4	rastarih	[lst@lyh] escape.
4	rasug	[lswk\' | (N ra1su1)] weasel.
4	Rasn	[ls8n\' | M rs8n, N Ras8n] god of Justice; cal. 18th day.
4	rastan raz	[ls8tn\'] colour, dye.
4	raw	v. raftan.
4	rawag	[lwb@k\' | N rawa1] current.
4	rawagih	currency.
4	rawagenidan rawagen	[lwb@kyn-ytn\'] set in motion, propagate.
4	rawenidan rawen	[SGYTWNyn-ytn\', v. raftan] cause to go, extend.
4	rawisn	[lwbs8n\', SGYTWNs8n\', v. raftan | N rawis8] going, motion.
4	rawisnih	behaviour; as a suffix, forms abstract nouns.
4	ray	[l@d | M r@y, N ra1] postposition, for, for the sake of.
4	rayenag	[l@dyn@k\' | M r@yn@g] arranger.
4	rayenidan rayen	[l@dyn-ytn\' | M r@yn-ydn] lead, direct, arrange, organize.
4	rayenisn	action, function; arrangement.
4	rayenidarih	[l@dynyt@lyh | M r@ynyd@ryh] direction, organization.
4	rayisn	[l@ds8n\'] order, arrangement.
4	rayomand	[l@d@wmnd] rich, majestic.
4	raz	[lc, lz | N raz] vine; vineyard.
4	raz	[l@c | M r@z, N ra1z] secret, mystery.
4	razig	[-yk\'] secret.
4	razkirrog	[l@c kylwk\' | M r@z qrwg] architect, builder.
4	razm	[lcm | M rzm, N razm] battle.
4	razmgah	[-g@s | P -g@h, (M rzm@h), N razm-ga1h] battlefield.
4	razur	[lcwl | M rzwr] forest.
4	redak	[lytk\' | N re1dak] lad, page.
4	reg	[lyk\' | N re1g] sand.
4	rem	[lym | M rym, N re1m] dirt, filth, purulence.
4	reman	[lymn\' | M rymn, N re1man] dirty, filthy, purulent.
4	remanih	filth.
4	res	[lys8 | N re1s8] wound, sore.
4	res	[lys8 | N re1s8] beard.
4	resag	[lys8k\' | N re1s8a] root, fibre.
4	residan res	[lys8-ytn\' | N re1s8i1dan, re1s8-] wound, hurt.
4	resken	[lys8kn\'] hurtful, harmful.
4	reskenih	harmfulness.
4	rextan rez	[lyhtn\', lyc- | P ryxt, M ryz-, N re1xtan, re1z-] flow, pour.
4	rezisn	flow.
4	ridan riy	[lytn\', ld- | N ri1dan, riy-] defecate, void.
4	rist	[lyst\' | M ryst] dead.
4	ristag	[lystk\'] corpse.
4	ristag	[lystk\'] way, manner; sect.
4	ristaxez	[lyst@hyc | M ryst@hyz, N rist-a1xe1z] resurrection of the dead.
4	ristag	[l(y)s8tk\' | N ris8ta] rope, string, thread.
4	riy	v. ri1dan.
4	riyahrih	[ld@hlyh] scorn, mockery.
4	rob	[lwp] robbery.
4	rob	[lwp- | N ruftan, ro1b-] rub, sweep.
4	robah	[TALE < A t§l@; lwp@h | N ro1ba1h] fox.
4	rod	[lwt\' | M rwd, N ro1d] river.
4	rod	[lwt\' | N ro1d] stringed instrument.
4	rodbar	[lwtb@l | N ro1d-ba1r] river bank.
4	rodig	[lwtyk\' | (N ro1da)] intestine, gut; ro1di1ga1n, (pl.) entrails, guts.
4	rodigan	(pl.) entrails, guts.
4	rogn	[M(H)S8YA < A ms8h2@; lwkn\' | P rwgn, (M rwyyn), N raug+an] oil, butter.
4	rognxwardig	[-hwltyk\'] sweetmeats.
4	ron	[lwn\' | M rwn] direction.
4	o...ron	towards.
4	rospig	[lwspyk\' | N ro1spi1] whore.
4	rospigih	whoredom.
4	rostag	[lw(t)st@k\' | (P rwdyst@g), N ro1sta1] river-bed; district, province.
4	rosn	[lws8n\' | M rws8n, N ro1s8an] light; bright, light.
4	rosnih	light.
4	rosnag	[lws8nk\'] clear, obvious.
4	rosngar	[-kl | (P -@gr, M -ygr), N -gar] illuminator.
4	roy	[lwd | M rwy, N ro1y] face.
4	roy	[lwd | M rwy, N ro1y] copper, brass.
4	roy royisn	v. rustan.
4	royan	[lwdyn\' | N ro1yan] madder.
4	royen	[lwdyn\' | M r§wyn, N ro1yi1n] (made of) copper, brazen.
4	roz	[YWM < A ywm; lwc | M rwc/z, N ro1z] day.
4	rozag	[lwck\' | M rwcg, N ro1za] fast, fasting.
4	rozag	[lwc@k\'] lightning.
4	rozan	[lwcn\' | N ro1zan] window.
4	rozbanag	[lwc(p)@nk\'] window.
4	rozenidan rozen	[lwcyn-ytn\' | M rwcyn-] lighten, brighten.
4	rozgar	[lwck@l | N ro1zga1r] daytime.
4	rozig	[lwcyk\' | N ro1zi1] daily bread, sustenance.
4	rozsaban	[YWM, lwc s8p@n\' | N s8aba1n(a)ro1z] day and night.
4	rozwarag	[lwcw@lk\'] daily, everyday.
4	rozward	[lwcwlt\'] changeable, fickle.
4	rubudan rubay	[lpwtn\', lp@d- | M rbwdn, rb@y-, N rubu1dan, ruba1y-] snatch, rob.
4	rudan run	[lwtn\', lwn- | (N ru1da)] pluck, pull out.
4	rurag	[lwlk\'] medicinal plant, herb.
4	rustan roy	[lwstn\', lwd- | M rwst, rwy-, N rustan, ro1y-] grow.
4	royisn	growth.
4	ruwan	[lwb@n\' | M rw@n, N ruwa1n] soul.
4	ruwanig	[-yk\' | N ruwa1ni1] spiritual.
4	ruzd	[lwzd | M rwzd, N razd] greedy.
4	ruzdih	greed.
4	sabuk	[spwk\' | N sabuk] light, easy.
4	sabz	[spz, sbz | N sabz] green, fresh.
4	sad	[100 | M sd, N sad] hundred.
4	Sadwes	[stwys | M sdwys] a star (Fomalhaut ?).
4	sag	[KLBA < A klb@ | N sag] dog.
4	sag	[sk\'] stone.
4	sag	[s@k | P s@g] number.
4	sagen	[skyn\' | M sygyn] stony.
4	sagr	[sgl | N se1r] sated, satiate.
4	sagrih	satiety.
4	sahig	[shyk\' | M shyg, N sahi1] worthy.
4	sahigih	worthiness.
4	sahistan sah	[MDMEN-stn\' = A mdmh, & dmh | (M shyd, s§y-)] seem; seem proper.
4	sahisn	satisfaction.
4	sahm	[shm | = M, N sahm] terror.
4	sahmgen	[-k(y)n\' | N sahmgi1n] terrible.
4	sahmgenih	terribleness.
4	sahog	[shwk\'] hare.
4	sak	[s@k\' | (N sa1w)] tribute.
4	sal	[S8NT < A s8nt | (M s@r), N sa1l] year.
4	salag	[S8NTk\', s@lk\' | N -sa1la] ...-years-old.
4	salagih	age (of...years).
4	salar	[srd@l | M s@l@r, s@r@r, N sa1la1r] leader, master.
4	salarih	authority.
4	salwar	[s@lw@l] perennial.
4	saman	[s@m@n\' | = M, N sa1ma1n] limit, boundary.
4	samanomand	[-@wmnd | M -wmnd] bounded.
4	samor	[smwl | N samo1r] sable (marten).
4	san	[s@n\' | N sa1n] kind, manner.
4	sang	[KYPA < A kyp@; CCA (in error); sng | (P @sng), N sang] stone, rock.
4	sangsar	[-s@l] stony place.
4	sanj	v. saxtan.
4	sanwar	[snwl = Av. t+anwar-] bow.
4	sar	[LOYS8E < A r@s8h; sl | M sr, N sar] head; top, summit; end, beginning.
4	sarasar	[sl@sl | N sara1sar] from end to end.
4	sard	[slt\' | M srd, N sard] cold.
4	sardih	coldness.
4	sardag	[sltk\' = Av. sar‘d+a- | (M s@rg), J srdg] sort, kind.
4	sardser	[sltsyl | N sardse1r] cold region, uplands.
4	sarenidan saren	[s@lyn-ytn\'] provoke.
4	sargen	[slgyn\' | N sargi1n] dung, manure.
4	sarmag	[slm@k\' | N sarma1] coldness.
4	sarw	[slw(b)\' | M srw, N sarw] cypress.
4	sas	[s@s | N sa1s] bug.
4	sastar	[s@st@l | P s@st@r] commander; tyrant.
4	sastarih	tyranny.
4	Sawah	[sw@h = Av. sawahi1-] the western continent of the earth.
4	saxt	[s(@)ht\' | N saxt] strong, hard, severe(ly); very.
4	saxtih	strength, severity.
4	saxtag	[shtk\' | (N saxtiya1n)] morocco leather.
4	saxtan sanj	[s@htn\', snc- | N saxtan, sanj8-] weigh.
4	saxtan saz	[s@htn\', s@c- | (P s@c-), N sa1xtan, sa1z-] make, prepare; tolerate.
4	saxtarih	[s@ht@lyh] toleration, forbearance.
4	saxwan	[MRYA < A mly@; shwn\' | M sxwn, N suxan] word, speech.
4	say	v. su1dan.
4	sayag	[s@dk\' | M s@yg, N sa1ya] shade, shadow.
4	saz	[sc- | M sz-, N saz-] be fitting, proper, worthy.
4	sazisnih	fitness, worthiness.
4	saz sazisn	v. sazistan.
4	saz	v. sa1xtan.
4	sazag	[sc@k | N saza1] fitting, worthy.
4	sazagih	fitness, worthiness.
4	sazagwar	[-w@l | N saza1wa1r] = saza1g.
4	sazistan 2saz	[sc-stn\'] pass.
4	sazisn	passing, transience.
4	sazisnig	transient, perishable, mortal.
4	se	[3; TLTA < A tlt@ | M sh, N si] three.
4	seb	[syp1 | N se1b] apple.
4	sej	[syc = Av. üit+yej8ah- | N se1j8] danger, trouble.
4	sejomand	[-@wmnd | N se1j8mand] dangerous.
4	sel	[sl+ | N sel] spear, javelin.
4	sem	[sym | N se1m] = ase1m.
4	senag	[syn(k)\' | N si1na] breast, chest.
4	sen murw	[synmwlw | (N si1murg+)] a fabulous bird.
4	sepay	[3-p@d | N sipa1] three-legged.
4	ser	v. sagr.
4	sesabag	[3-s8pk\'] three-night-long, trinoctial.
4	seyom	[3wm | N seyom] -third (in compound numerals).
4	sezd	[s(y)zd | P syzd, (N se30z[agi1?)] might, tyranny; tyrannous.
4	sezdah	[sycdh | M syzdh, N se1zdah] thirteen.
4	sezden	[s(y)zdyn\' | P syzdyn] mighty, tyrannous.
4	si	[sy] goose.
4	sidigar	[styk\', -kl | M sdyg, N sidi1gar] third.
4	sih	[30 | M syh, N si1] thirty.
4	sihom	[-wm] thirtieth.
4	sik	[HLYA < A h2l@; sk6 | N sik] vinegar.
4	sisimbar	[sysymbl, -nbl | N si1sambar] sisymbrium, wild-thyme.
4	Skandar	[swkndl | N sikandar] = Aleksandar.
4	snah	[sn@h] blow, strike, violence.
4	sneh	[snyh] sword.
4	snexr	[snyhl] snow.
4	snezag	[snyck\'] snow.
4	snoy	[snwd] (rain-, snow-)cloud.
4	sofista	[swkpst@k\'] sophist.
4	sog	[swk\'] use, profit, advantage.
4	sog	[swk\'] burning, combustion.
4	sog	[swk\' | N so1(y)] side, direction.
4	sogand	[swknd | M swgnd, N saugand] oath.
4	sogand xwardan	take, swear an oath.
4	sohistan soh	[swh-stn\'] touch, feel.
4	sohisn	feeling, sense.
4	sohisnig	feeling, sensitive.
4	sor	[swl] salty.
4	sorag	[-k\'] salt (land).
4	sosan	[swsn\' | N so1san] lily.
4	Sosyans	[swks8ydns = Av. saos8ya5s] saviour (especially the final Saviour who will bring about the fras8agird).
4	soxtan soz	[swhtn\', swc- | M swxt, swc-, N so1xtan, so1z-] burn.
4	sozisn	burning, combustion.
4	sozisnig	burning, flaming.
4	sozag	[swc@k\' | M swc@gyn, N so1za1] burning.
4	sozan	[swcn\' | N so1zan] needle.
4	spah	[sp@h | N sipa1h] army.
4	spahbed	[-pt\' | N -bud] general, commander.
4	spandan	[spnd@n\' | N sipanda1n] mustard seed.
4	Spandarmad	[spndrmt\'] N isfanda1rmud+] Holy Thought, the fourth Amahraspand, earth goddess; cal. 12th month; 5th day.
4	spar	[spl | M @spr, N sipar] shield.
4	spar	v. spurdan.
4	spas	[sp@s | M @s-, §sp@s, N sipa1s] service, gratitude, thanks.
4	spas dastan spas hangardan	thank, give thanks.
4	spasdar	[sp@sd@l | N sipa1s-da1r] grateful, thankful.
4	spasdarih	gratitude.
4	spasesnas	[sp@ss8n@s] grateful.
4	spasomand	[-@wmnd] grateful.
4	spas	[sp@s8 = Av.t+b+a1s8a-] space, atmosphere.
4	spaxr	[sp@hl | M §spxr, N *siparx] merrymaking, revelry.
4	spazg	[spzg | (M §spgj), N sipazg-] slanderous.
4	spazgih	slander.
4	sped	[spyt\' | M §spyd, N sape1d] white.
4	spedag	[-k\' | N -a] white (of egg, etc.).
4	spedbag	[-p@k\' | N -ba1] curd soup.
4	speddar	[-d@l | N -da1r] white poplar, aspen.
4	spenag	[sp(y)n@k\' = Av. sp‘nta-, cf. ganna1g] holy.
4	spenag menog	the Good Spirit.
4	spig	[spyk\' | M §spyg, (N sapri1g+)] 1. brilliance; 2. sprout, shoot.
4	spihr	[spy(y)hl | (M §spyr), N sipihr] sphere, sky, firmament, fate.
4	spihrig	[-yk\'] heavenly.
4	spinjanagih	[spnc@nkyh] hospitality.
4	spis	[spys8 | (N s8ipis8)] louse.
4	Spitaman	[spyt@m@n] of the Spitama family.
4	spiz	[spyc- | M §spyxtn, §spyz-] 1. shine; 2. sprout.
4	spizisn	1. brilliance; 2. sprouting.
4	spoxtan spoz	[spwhtn\', spwc- | M §spwxt, N sipo1xtan] thrust; overstep, disobey; delay, reject.
4	spozisn	delay, rejection; disobedience.
4	spoz	[spwc | N sipo1z] disobedience; delay.
4	spozgar	[-k@l | N spo1zga1r] disobedient; dilatory.
4	sprahmag	[splhm(k\') | M §sprhm(g), N siparham] flower, fragrant herb.
4	spul	[spwl+] spleen.
4	spurdan spar	[spwltn\', spl- | N sipurdan] tread, trample.
4	spurrig	[spwlyk\' | (M §spwr), N sipari1] entire, complete, perfect.
4	spurrigih	completeness, perfection.
4	spurz	[*splz | P *§spwrz, N sipurz] spleen.
4	srat	[slt\' | cf. Ar. sira1t2] street.
4	sraw	[slwb\'] word, spell.
4	srawenidan srawen	[slwbyn-ytn\'] report, broadcast.
4	sraxtag	[slhtk\' = Av. sraxti-] side, part.
4	sray	[sl@d | N sara1y] house, hall.
4	sray srayisn	v. sru1dan.
4	srayidan 2sray	[sl@d-ytn\' = Av. t+ra1ya-] protect.
4	srayisn	protection.
4	sresk	[sl(y)s8k\' | (P srsk), N siris8k] drop, tear.
4	sristan sres	[sls8tn\' | P srys8-, N siris8tan] mix, knead.
4	sriswadag	[slys8wtk\' = Av. t+ris8wa-] a third.
4	srod	[slwt\' | M srwd, N suro1d] song.
4	Sros	[slws8 | M srws8, N suro1s8] the god Obedience; cal. 17th day.
4	Srosig	[-yk\'] obedient.
4	sru	[slwb\' | N suru1(n)] horn, nail, prong.
4	srub	[sl(w)p | N usrub] lead.
4	sruben	[-yn\'] leaden.
4	srudan sray	[slwtn\', sl@d- | M sr@y-, N suru1dan] sing, recite, play (an instrument).
4	srayisnih	singing, recitation.
4	sruwar	[slwbwl] horned.
4	sruwen	[slwbyn\'] horny.
4	stabr	[stpl | M §stbr, N sitabr] big, coarse, strong.
4	stabrih	coarseness; strength, force.
4	stabrag	[stplk\' | Ar. istabraq] shot silk.
4	stadan stan	[YNSB6WN-tn\' < A ynsbwn, & nsb | M §std, §st@n-, N sita1dan] take.
4	staft	[stpt\' | M §stpt] hard, firm; harsh, tyrannous; very.
4	stahm	[sthm | N sitam] power, oppression.
4	stahmag	[-k\'] strong, oppressive.
4	stahmagih	oppression.
4	stambag	[sthmbk\' (-h- < stahm) | M §stmbg, N sitamba] oppressive; obstinate.
4	stambagih	oppression; obstinacy.
4	stan	v. stadan.
4	star	[stl] = sta1rag.
4	starag	[st@lk\' | M §st@rg, N sita1ra] star.
4	stard	[st\'lt\'] stunned, stupefied, confounded.
4	stardih	stupidity, stupefaction.
4	starosmar osmur	[stl@ws8m@l, -@ws8mwl] astrologer.
4	starwan	[stlwn\' | N sitarwan] barren, childless.
4	stayidan	[st@dytn\' | M §st@yd, N sita1yi1dan] = stu1dan.
4	steg	[styk\' | N site1g+] erect.
4	stendag	[styndk\'] standing, erect.
4	ster	[styl | N site1r] stater.
4	stezag	[styck\' | M §styz-, N site1za] quarrel, strife.
4	sti	[sty(y1) = Av. sti-] being, existence.
4	sto	[stwb\' | (P §stwb, N suto1h)] distressed, defeated.
4	stowih	distress.
4	stor	[stwl | P §stwr, N suto1r] horse, mount; large cattle.
4	storban	[-p@n\' | N -ba1n] (head) groom.
4	storgah	[-g@s] stable.
4	stos	[stws8] the fourth morning after death.
4	stowenidan stowen	[stwbyn-ytn\'] defeat, overcome.
4	stowih	v. sto1.
4	studan stay	[stwtn\', st@d- | M §stwd, §st@y, N situ1dan] praise.
4	stayisn	praise.
4	stayisnig	praiseworthy.
4	stunag	[stwn(k)\' | M §stwn, N sutu1n] column, pillar, mast.
4	stur	[stwl] trustee, curator, guardian.
4	sturih	trusteeship.
4	sturg	[stwlg | N suturg] fierce, contentious; gross, coarse.
4	sud	[swt\' | M swd, N su1d] use, profit, advantage.
4	sudab	[st\'p1 | N suda1b] rue.
4	sudabgar	[swt@p1k@l] profitable.
4	sudag	[swtk\'] negligent, indolent.
4	sudagih	negligence, indolence.
4	sudan say	[swtn\', s@d- | N su1dan, sa1y-] rub.
4	sudomand	[swt(@w)mnd | N su1dmand] useful.
4	suft	[swpt\' | N suft] shoulder.
4	suftan sumb	[swptn\', swmb- | N suftan, sumb-] pierce, bore.
4	sumb	[swmb\' | N sumb] hoof.
4	sur	[swl | M swr, N su1r] meal, feast, banquet.
4	sur	[swl strong.
4	surag	[swl(@)k\'] hole, burrow.
4	suragig	[-yk\'] burrowing (animal).
4	suragomand	[-@wmnd] holed.
4	surax	[swl@h | N su1ra1x] hole.
4	sust	[swst\' | = M, N sust] slack, lazy.
4	sustih	slackness, laziness.
4	sus	[sws8 | (N s8us8)] lung.
4	sus	[sws8] degree (of arc).
4	suxr	[swhl | N surx] red.
4	suy	[swd | M swy-] hunger.
4	swahistan swah	[swh-stn\' | P swh-] sigh.
4	sya	[syd@ | (P sy@w, N siya1h)] black.
4	syahag	[-hk\' | N -a] pupil (of eye).
4	sab	[LYLYA < A lyl(y)@; s8p | M s8b, N s8ab] night.
4	sabag	[s8pk\' | N s8aba] 1. jet, obsidian; 2... -nights-long.
4	sabestan	[s8pst@n\' | N s8abesta1n] gynaeceum, private apartments.
4	sabig	[s8pyk\' | N s8abi1 (Mazdean\'s ritual) under-shirt.
4	sabixon	[s8pyhwn\' | N s8abi1xu1n] night raid.
4	sad	[s8@t\' | M s8@d, N s8a1d] happy, joyful.
4	sadih	happiness, joy.
4	sadurwan	[s8@t@wlw@n\' | N s8a1durwa1n] dais, platform; basin, pond, fountain.
4	safser	[s8ps8yl | M s8fs8yr] = s8ams8e1r.
4	sagr	[s8gl | M s8gr, N s8e1r] lion; astr. Leo.
4	sah	[s8h- | = P] be able, can.
4	sah	[MLKA < A mlk@; s8h | M s8@h, N s8a1h] king.
4	sahan sah	[MLKAn MLKA | N s8a1ha1n s8a1h] king of kings.
4	sahbalut	[s8hblwt\' | N s8a1h-balu1t] chestnut.
4	sahdanag	[-d@nk\' | N s8a1hda1na] hemp-seed.
4	sahesprahm	[-splhm | N s8a1hisparam] basil royal.
4	sahigan	[s8hyk@n\' | M s@hyg@n] palace.
4	sahr	[s8tr\' | M s8hr, N s8ahr] land, country; city.
4	sahrestan	[MDYNA < A mdyn@; s8tr\'st@n\' | M s8hrst@n, N s8ahresta1n] province; capital, city.
4	Sahrewar	[s8trywr | N S8ahrewar] Best Rule, the third Amahraspand, guardian of metals; cal. 6th month; 4th day.
4	sahryar	[s8tr\'d@l | M s8hry@r, N s8ahrya1r] lord, sovereign, ruler.
4	sahryarih	dominion, reign, sovereignty.
4	sahwar	[s8hw@l | P s8@hw@r, N s8a1hwa1r] royal, kingly.
4	sakar	[s8kl | M s8qr, N s8akar] sugar.
4	salwar	[s8l+w@l | N s8alwa1r] trousers.
4	sam	[s8@m | = P,N s8a1m] evening meal, supper.
4	sambalidag	[s8mblytk\' | N s8ambali1d, -li1la] fenugreek.
4	samser	[s8ms8yl | N s8ams8e1r] sword.
4	san	[s8n\' | N s8an] hemp.
4	sanag	[s8@nk\' | N s8a1na] 1. comb; 2. pitchfork; 3. shoulder-blade.
4	sanen	[s8nyn\'] hempen.
4	sarm	[s8lm | M s8rm, N s8arm] shame.
4	sarmgah	[-g@s | N s8arm-ga1h] pudenda.
4	sarmgen	[-k(y)n\' | N s8armgi1n] ashamed.
4	sasab	[s8sp | (P s8hrb)] satrap.
4	sasabigan	[-yk@n\'] satrapal.
4	sast	[60 | M s8st, N s8ast] sixty.
4	sas	[S8TA < A s8t | M s8s8, N s8as8] six.
4	saw	v. s8udan.
4	sawag	[s8wb@k\'] bat, flittermouse.
4	sayendag	[s8@dyndk\'] able, worthy.
4	sayendagih	ability, worthiness.
4	sayistan say	[s8@d-stn\' | M s8@y-, N s8a1yistan, s8a1y-] be able; be worthy.
4	sayed	[s8@(d)yt\' | N s8a1yad] one can, it is possible.
4	sazdah	[s8@cdh | M s8@zdh, N s8a1nzdah] sixteen.
4	seb	[s8yp | N s8e1b] declivity.
4	seb	[s8yp- | M s8yb, N s8e1b-] move quickly; be confused.
4	sebag	[-@k\' | N s8e1ba1] swift, nimble; viper.
4	sebisn	confusion.
4	sed	[s8yt\' | N s8e1d] bright; sorrel (horse).
4	seda	[s8yt@y] bliss.
4	ser	v. s8agr.
4	sewan	[s8ywn\' | N s8e1wan] lament.
4	siftalug	[s8pt@l+wk\' | (P s8yft `milk\'), N s8afta1lu1] peach.
4	siftenag	[s8ptynk\' | (P s8yftyn `sweet\')] a sweetmeat.
4	simsar	[s8ms8@l | N s8ims8a1r] box tree.
4	sir	[HLB6A < A h2lb@; s8yl | M s8yyr, N s8i1r] milk.
4	siren	[s8ylyn\' | M s8yryn, N N s8i1re1nin] sweet.
4	sirenih	sweetness.
4	sisag	[s8ys8k\' | N s8i1s8a] bottle, flask.
4	skaft	[s8kpt\'] = s8keft.
4	skaftan skaf	[s8k@p1-tn\' | M §s8k@pt, N s8ika1ftan] split, burst.
4	skarag	[s8klk\' | P §s8kr-] (bird) of prey.
4	skarwidan skarw	[s8klw-ytn\' | M §s8krw-st, N s8ikarfi1dan] stumble, stagger.
4	skastan skenn	[TBLWN-tn\' < A & tbr; s8kstn\', s8kyn- | M §s8kn-, N s8ikastan, s8ikan-] break.
4	skennisn	breaking.
4	skebag	[s8kyp@k\' | P §s8kyb-, N s8ike1ba1] patient.
4	skebagih	patience.
4	skeft	[s8kypt\' | P §s8kyft, N s8igift] hard; extraordinary, astonishing; very.
4	skeftih	hardness; hardship, distress; astonishment.
4	skenn skennisn	v. s8kastan.
4	skih	[s8kyh- | N s8ikih-] be broken.
4	skof	v. s8kuftan.
4	skofag	[s8kwpk\' | N s8uko1fa] flower, blossom.
4	skoft	[s8kwpt\'] = s8keft.
4	skoh	[s8kwh | M §s8kwh] poor.
4	skohih	poverty.
4	skoh	[s8kwh | N s8uko1h] dignity, majesty; fear.
4	skuftan skof	[s8kwp-tn\' | N s8ukuftan] flower, blossom.
4	snas	v. s8na1xtan.
4	snasag	[s8n@sk\' | P §s8n@sg] knowing, knower; sense.
4	snasagih	knowledge.
4	snaxtan snas	[s8n@htn\', s8n@s- | M §s8n@xtn, §s8ns-, N s8ina1xtan] know, recognize.
4	snayenidan snayen	[s8n@dyn-ytn\'] please, propitiate.
4	snayenisn	happiness.
4	snayidan snay	[s8n@d-ytn\'] praise, propitiate.
4	snayisn	praise, gratitude.
4	snaz	[s8n@c | (N s8ina1(w))] swimming.
4	snazidan snaz	[s8n@c-ytn\' | M §s8n@z-, (N s8ina1w-)] swim.
4	snohr	[s8nwhl | M §s8nwhr] gratitude, contentment.
4	snomag	[s8nwmk\' | M §s8nwm-] satisfaction, contentment.
4	snosag	[s8nws8k\' | N s8uno1s8a] sneeze.
4	snug	[s8nwk\' | M §s8nwg] knee.
4	snuman	[s8nwmn\' = Av. xs8nu1maine] propitiation.
4	son	[s8wn\'] kind, manner.
4	sonig	[-yk\'] customary, ordinary.
4	soy	v. s8ustan.
4	soy	[s8wd | N s8o1y] husband.
4	soymand	[-mnd] married (woman).
4	suban	[s8p@n\' | P s8wb@n, N s8uba1n] shepherd.
4	sudan saw	[OZLWN-tn\' < A & @zl; s8wb- | M s8wdn, s8w-, N s8udan, s8aw-] go.
4	susar	[s8wsl = Av. xs8ud+ra-] liquid, fluid; semen.
4	sustan soy	[HLLWN-tn\' < A & h2ll | M s8wst, s8wy-, N s8ustan, s8o1y-] wash.
4	suy	[s8wd] hunger.
4	ta	[OD < A §d | (M d@), N ta1] until; so that.
4	tab	[tp | N tab] fever.
4	tab tabisn	v. taftan.
4	tab tabisn	v. ta1ftan.
4	tabag	[t@p1k\' | N ta1ba] frying-pan.
4	tabah	[tp@h | N taba1h] ruined, spoilt, destroyed.
4	tabahih	ruin, destruction.
4	tabahihistan tabahih	[tp@hyh-stn\' | J tb@hh-] be ruined.
4	tabangog	[tpngwk\' | N tabango1] box, chest.
4	tabarzad	[tplzt\' | N tabarzad] manna.
4	tabestan	[t@p1st@n\' | N ta1besta1n] summer.
4	tabidan	[t@p1ytn\' | N ta1bi1dan] = ta1ftan.
4	tadan tan	[ttn\', tn- | N tan-] spin (thread).
4	tadarw	[ttl | (N tad+arw)] pheasant.
4	taftan tab	[tp-tn\'] grow hot; shine.
4	tabisn	heat, fever.
4	taftan tab	[t@p1-tn\' | P t@b-, N ta1ftan, ta1b-] heat, burn; shine.
4	tabisn	burning.
4	taftig	[tptyk\' (P tft)] burning, ardent, fervent.
4	tag	[tk\' | N tag] running, attack.
4	tag kardan abar o	attack.
4	tag	[t@k\' | N ta1] item, unit; alone, single.
4	tag	[t@k\' | N ta1] branch.
4	tagarg	[tklg | M tgrg, N tagarg] hail.
4	tagig	[tkyk\'] swift, strong.
4	tagigih	speed, strength.
4	tah	[th | N tah] bottom.
4	takok	[tkwk\' | N tako1k] drinking vessel.
4	talag	[tlk\' | N tala] snare, trap.
4	talagcin	[-cyn\'] fowler.
4	tambur	[tm-, tnbwl | N tambu1r] cither, lute.
4	tamburag	[-k\'] tambour(?).
4	tan	[tn\' | = M, N tan] body, person.
4	tan	v. tadan.
4	tanapuhl	[tn@p1whl = Av. tanu.p‘r‘t+a- | (N tana1fu1r)] a degree of sin.
4	tanbahr	[tn\'b@hl] physique.
4	tand	[tnd | = P] faint, languishing.
4	tandih	faintness, langour.
4	tandrust	[tn\'drw(y)st\' | N tan-drust] healthy, whole.
4	tandrustih	health.
4	tang	[tng | = M, N tang] narrow, tight.
4	tangih	narrowness; distress.
4	tanig	[tn\'yk\' | N tani1] bodily, corporal.
4	tanigardig	[tnykrt(yk)\' | M tnygyrd] corporeal.
4	taniha	[tn\'yh@ | M tnyh@, N tanha1] alone.
4	tanomand	[tn\'@wmnd | N tano1mand] corporeal.
4	tanomandih	corporeality.
4	tantohmag	[tn\'twhmk\'] (sap) of plants.
4	tanuk	[tnwk\' | N tanuk] thin, shallow.
4	tanur	[tnwl | M tnwr, N tanu1r] oven.
4	tar	[LCDr\' < A l-s2d; tl | M tr] over, through, across.
4	tar kardan tar menidan	abuse, despise.
4	tar	[-tl | (M -dr), N -tar] suffix forming comparative adjectives.
4	tar	[t@l | M t@r] darkness.
4	tarazenidan tarazen	[tl@cyn-ytn\'] weigh.
4	tarazug	[tl@cwk\' | (P tl@zwg,) N tara1zu1] balance, scales; astr. Libra.
4	targ	[tlg | N targ] helmet.
4	targuman	[tlgm@n\' | M trgwm@n] interpreter.
4	tarig tarik	[t@lyk\' | M t@ryg, N ta1ri1k!] dark.
4	ih	darkness.
4	tarist	[tlst\'] = tar.
4	tarmanih	[tlm@nyh] perversity.
4	tarmenisn	[tlmyns8n\' | N tarmanis8t] perverse; contemptuous.
4	tarmenisnih	perversity; contempt.
4	tarr	[tl, LCDr (in error, v. tar) | N tarr] moist, fresh.
4	tarrag	[tlk\' | N tarra] vegetable.
4	tars	[tls | M trs, N tars] fear, respect.
4	tarsag	[tls@k\' | M trs@g, N tarsa1] Christian.
4	tarsagah	[tls(@)k@s] respectful, reverent.
4	tarsagahih	respect, reverence.
4	tarsidan tars	[tls-ytn\' | (M tyrs@dn), N tarsi1dan, tars-] fear, be afraid.
4	tarwenidan tarwen	[tlwyn-ytn\' | M trw-] overcome, conquer.
4	tas	[t@s | N ta1s] die (for gaming).
4	tasum	[tswm | = M] fourth.
4	tasidan tas	[t@s8-ytn\'] cut, cleave; create.
4	taskanag	[ts8knk\'] under-shirt.
4	tast	[ts8t\' | N tas8t] bowl.
4	tast	[t@s8t\'] *certainty.
4	tastig	[-yk\'] certain.
4	tawan	[t@(d)w@n\' | N ta1wa1n] compensation, obligation.
4	taxl	[t@hl | (M thr), P txl, N talx] bitter.
4	taxlih	bitterness.
4	taxt	[t@ht\' | N taxt] throne.
4	taxtag	[-k\' | N taxta] tablet, plank, (chess) board.
4	taxtan taz	[t@htn\', tc- | M txtn, tz-] run, flow.
4	tazisnih	flow.
4	taxtan taz	[t@htn\', t@c- | M t@c-, N ta1xtan, ta1z-] cause to run, flow; chase; pour.
4	taxtgah	[t@htg@h | N taxt-ga1h] couch.
4	taz tazisnih	v. taxtan.
4	taz	v. ta1xtan.
4	tazag	[tc@k\'] flowing, running.
4	tazanag	[t@c@nk\' | N ta1z(y)a1na] whip.
4	tazenidan tazen	[tcyn-ytn\'] = ta1xtan.
4	tazidan taz	[tc-ytn\'] = taxtan.
4	tazig	[t@cyk\' | N ta1zi1] swift, fast.
4	Tazig	[t@cyk\' | N ta1zi1] Arab.
4	temar	[tym@l | M tym@r, N te1ma1r] sorrow, grief, care.
4	terag	[tylk\' | N te1ra] dark, turbid.
4	terag	[tylk\'] (mountain) peak, summit.
4	tex	[tyh | N te1g+] sharp edge, ridge; ray.
4	tez	[tyc | M tyz, N te1z] quick.
4	tezih	speed.
4	tez	[tyc | (P tyj), N te1z] sharp.
4	tezih	sharpness.
4	tidag	[tytk\' | (N di1da)] pupil (of eye).
4	tigr	[HTYA < A h2t2y@; tgl | M tygr, N ti1r] arrow.
4	tihog	[tyhwk\' | N ti1hu1] small grey partridge.
4	tir	v. tigr.
4	Tir	[tyl | M tyr, N Ti1r] a god (confused with Tis8tar); astr. Mercury; cal. 4th month; 13th day.
4	tis	[MNDOM < A mnd§m; ts | M, J tys] thing, affair.
4	tisiz	[-c | M -yc] (with a negative) no ... at all.
4	tisn	[tys8n\'] thirst.
4	tisnag	[tys8nk\' | M tys8ng, N tis8na] thirsty.
4	tisnagih	thirst.
4	Tistar	[tys8tl | N Tis8tar] astr. Sirius.
4	to	[LK < A l-k | M tw, N tu] thou, thee.
4	tof	[twp | N to1] layer.
4	tohmag	[twhmk\' | M twhmg, N tuxma] seed; stock, family.
4	tom	[(t(w)m | M tm, N tam] darkness.
4	tom	[-twm | (M -dwm)] suffix forming superlative adjectives.
4	tom	[-twm | (M twhm, N tuxm)] seed, family.
4	torag	[twlk\' | N to1ra] jackal.
4	tosag	[tws8k\' | N to1s8a] provisions.
4	toxtan toz	[twhtn\', twc- | M twz-, N to1xtan, to1z-] atone, expiate.
4	tozisn	atonement, expiation.
4	toz	[twc | N to1z] bark, skin.
4	trufs	[tlw(p)s8 | (P tryfs8), N turs8] sour.
4	truftag	[tlwptk\'] stolen; intercalary (days).
4	tuhig	[twhyk\' | M twhyg, N tuhi1] empty, vain.
4	tuhigih	emptiness, void.
4	tumbag	[twmbk\' | N tumba] drum.
4	tund	[twnd | N tund] sharp, violent.
4	tundih	violence, vehemence.
4	Tur	[twl | N Tu1r] one of a people inimical to Era1n, Turanian.
4	Turan	[-@n\' | N Tu1ra1n] (land of) the Turanians.
4	Turk	[twlk\' | N Turk] Turk.
4	tust	[tws8t\'] silent.
4	tuwan	[twb@n\' | M tw@n, N tuwa1n] might, power.
4	tuwan	(+infinitive): it is possible to, one can.
4	tuwanag	[-@k\' | N tuwa1na1] mighty, able.
4	tuwangar	[-k6l | N tuwa1ngar] rich.
4	tuwangarih	richness, wealth.
4	tuwanig	[-yk\'] able.
4	tuwanigih	ability, power.
4	tuwansaman	[-s@m@n\'] the extent of one\'s ability.
4	tuxsag	[twhs8@k\' | M twxs8@g, N tuxs8a1] diligent.
4	tuxsagih	diligence, endeavour.
4	tuxsidan tuxs	[twhs8-ytn\' | (M twxs8§yst), N tuxs8i1dan, tuxs8-] strive, endeavour.
4	tuxsisn	endeavour, striving.
4	u	[AP6- < A @p | M @w-] = ud (when followed by a suffixed pronoun, e.g. u-s8).
4	ud	[W < A w | M @wd, N u] and.
4	udrag	[@wdlk\' = Av. udra-] otter.
4	ul	[LALA < A l-§l@ | M @wl] up(wards).
4	ul amadan	rise.
4	ulih	upward direction.
4	ulamadan	[LALA YATWNt@n\', @wl@mt@n\'] astr. ascendant.
4	uldrafs	v. xurdrus8.
4	ummed	[@wmyt\' | N umme1d] hope.
4	ummedwar	[-w@l | N umme1dwa1r] hopeful.
4	Urdwahist	[@wrtwhs8t\'] = Ardwahis8t.
4	Urislim	[@wlys8lym | N Uris8li1m] Jerusalem.
4	urmod	[@wlmwt\' | (N amro1d)] pear.
4	uruspar	[@wlwspl = Av. urut+b+ar-] intestines, womb; core, essence.
4	urwahman	[@wlw@hm(n\') | M @wrw@hm-] joyful.
4	urwahmanih	joy, pleasure, delight.
4	urwar	[@wlwl | M @wrwr] plant(s), vegetable.
4	urwazistan urwaz	[@wlw@c- = Av. urwa1za-] rejoice.
4	urwazisn	rejoicing, happiness.
4	uskardan uskar	[@wsk@l-tn\' | J uska1rdan, uska1i, (N siga1l-)] think, consider, discuss.
4	uskarisnih	consideration, reflection.
4	uspurrig	[@wsp1wlyk\'] = spurri1g.
4	ustofrit	[@ws(t)wplyt\' = Av. us‘friti-] offering.
4	usahin	[@ws8hyn\' = Av. us8ahina-] the night ga1h.
4	usnug	[@ws8nwk\'] = s8nu1g.
4	ustan	[@ws8t@n\' = Av. us8ta1na-] soul, ghost.
4	ustanih	vitality.
4	ustanomand	[-@wmnd] living, animate.
4	ustar	[GMRA < A gml@; @ws8tl | N us8tur] camel.
4	ustargawpalang	[@ws8tlg@p1plng | N us8tar-ga1w-palang] giraffe.
4	uzdehig	[@wc-, @wzdhyk\' | M @wzdh] exiled; foreign.
4	uzdehigih	exile.
4	uzdes	[@wc-, @wzdys | M @wzdys] idol.
4	uzdesparist	[-plst\' | M -pryst] idolater.
4	uzdesparistisnih	idolatry.
4	uzdeszar	[-c@l | M -c@r] idol-temple.
4	uzenag	[@wcynk\' | N hazi1na] expense, cost; exit.
4	uzerin	[@wz(@)ylyn\' = Av. uzayeirina-] the evening ga1h.
4	uzidan	[@wcytn\' | M @wzyd, @wzyh-] go out.
4	uzmudan uzmay	[@wzmwtn\', @wzm@d-] prove, test, try.
4	uzmayisn	testing.
4	uzumburd	[@wzmbwlt\' | N zumurrud] emerald.
4	uzwan	[S8NA < A ls8n@; @wzw@n\' | M §zw@n, (N zaba1n)] tongue, language.
4	uzwardan uzwar	[@wzw@l-tn\' | M §zw@rdn] know, understand.
4	uzwarisn	understanding; `huzwarish\'.
4	wabar	[w@p1l | M w@br, (N ba1war)] truth; belief.
4	wabarigan	[w@p1lyk@n\' | M w@bryg@n] true, trustworthy.
4	wabariganih	trustworthiness.
4	wabz	[wpc, wpz] wasp.
4	wacast	[wcst\' = Av. wac8as-tas8ti-] strophe (of the Gathas).
4	waccag	[wck\', (bck\') | N bac8c8a] child, baby, cub.
4	wad	[SLYA < A sry@; wt\' | M wd, N bad] bad, evil.
4	wadih	badness, evil.
4	wad	[w@t\' | M w@d, N ba1d] wind, breath, spirit; cal. 22nd day.
4	wadag	[wtk\'] evil, vile, wicked.
4	wadagih	evil, vileness.
4	wadam	[w@t@m] | N ba1da1m] almond.
4	wadban	[w@tp@n\'] sail.
4	wadbaxt	[wtb@ht\' | N badbaxt] unfortunate.
4	waddil	[wtdyl | M wddyl, N baddil] coward(ly).
4	wadgarih	[wtglyh] evil-doing.
4	wadgirdag	[w@tgltk\' | (N gird-ba1d)] whirlwind.
4	wadgohr	[wtgwhl | N bad-gauhar] ill-, low-born.
4	wadkamag	[wtk@mk\'] malevolent.
4	wadkamagih	malevolence.
4	wadrang	[w@tlng | N ba1drang] citron.
4	wadrangboy	[-bwd | N [-bo1ya] lemon balm.
4	wadtohm	[wttwhm] = wad-go1hr.
4	wadwazag	[-w@ck\' | (N gawa1z8a)] abuse.
4	wadxem	[-hym] ill-natured.
4	waf	[wp- | P wf-, (N ba1f-)] weave.
4	wafisn	weaving.
4	wafr	[wpl | M wpr, N barf] snow.
4	wafrenag	[-ynk\'] a sweetmeat.
4	wagdan	[wg+t@n\' = Av. wag+d+ana-] head #({ahuric).
4	wahag	[wh@k\' | M wh@g, N baha1] trading; value.
4	wahag burdan	value, estimate.
4	wahar	[wh@l, (bh@l) | M wh@r, N baha1r] spring.
4	waharig	[-yk\' | N -i1] spring, vernal.
4	wahig	[ZZLA < A *zmr@ (?); whyk\' | M whyg, N *bahi1] kid; astr. Capricorn.
4	wahist	[whs8t\' | M whys8t, N bihis8t] paradise.
4	wahistig	[-yk\' | N -i1] (worthy) of paradise.
4	Wahman	[whwmn\' | M whmn, N bahman] Good Mind, the first Amahraspand, guardian of cattle; cal. IIth month; 2nd day.
4	wahman	[*w-n\' = w@hm@n\' | M @w@hm@n, J whm@n, N bahma1n] so-and-so.
4	Wahram	[wlhl@n\', w@hl@m | M whr@m, N bahra1m] god of war, victory; astr. Mars; cal. 20th day.
4	ataxs i Wahram	a major sacred fire.
4	wak	[wk\' | N bak] frog.
4	walan	[w@ln\' | (N barzan)] settlement, community
4	walg	[wl+g] = warg.
4	walidan wal	[w@l-ytn\' | N ba1li1dan] grow, increase, prosper.
4	walisn	growth.
4	wamidan wam	[w@m-ytn\'] vomit.
4	wan	[wn\' | N bun] tree; stock, stem.
4	wani gurganig	pistachio tree.
4	wani wastohmag	the Tree of Many Seeds.
4	wan wanisn	v. wa1ni1dan.
4	wanafsag	| [wnps8k\' | N bunafs8a] violet.
4	Wanand	[wnnd] astr. Vega.
4	wandag	[wndk\'] rope, cord.
4	wang	[KALA < A ql@; w@ng | = M, N ba1ng] voice, cry.
4	wanidan wan	[w@n-ytn\' | M w@n-yst] conquer, overcome, destroy.
4	wanisn	conquest, destruction.
4	wanigarih	[AWBDN-, wny-klyh] waste.
4	wany	[A(W)BDN\' < A @bdn | M wny] lost, destroyed.
4	wanybudih	[AWBDN\'bwtyh, -YHWWNtyh | M wny(b)wdyh] destruction, ruination.
4	war	[wl | M wr, N bar] breast.
4	war	[wl] lake.
4	war	[wl] oath, ordeal.
4	war	[wl] shelter, enclosure.
4	war	v. wa1ri1dan.
4	warag	[wl@g | J br@g+] crow.
4	waran	[wln\'] desire, lust.
4	waran	[wl@n\'] ram.
4	waran	[w@l@n\' | M w@r@n, N ba1ra1n] rain.
4	waranig	[wlnyk\'] greedy.
4	waranigih	greed, lust.
4	waranig	[w@l@nyk\' | N ba1ra1ni1] rain(y).
4	waraz	[wl@c | N gura1z] boar.
4	warcasm	[wlcs8m] with eye(s) in the breast.
4	ward	v. ü1was8tan.
4	wardag	[wltk\' | M wrdg, N barda] captive, prisoner.
4	wardagih	captivity.
4	wardag	[wltk\'] on heat (female animal).
4	wardagih	heat.
4	wardanag	[wlt@n@k\' | N gardana1] (roasting) spit.
4	wardenidan warden	[wltyn-ytn\' | (N garda1ni1dan)] cause to turn; change, alter.
4	wardisn	[wlts8n\' | M wrdys8n, N gardis8] turning, change, metamorphosis.
4	wardisnig	[-yk\'] transient, changeable.
4	wardisnigih	transience, mutability.
4	wardyun	[wltywn\' | P wrdywn, N gardu1n] vehicle, carriage, chariot.
4	warg	[wlg | N barg] leaf.
4	waridan war	[w@l-ytn\' | M w@r-yst, N ba1ri1dan] rain.
4	warisn	[wls8n\'] conduct, behaviour.
4	warm	[wlm | N barm] memory.
4	warm kardan	learn by heart, memorize.
4	warm	[wlm | N barm] pool, reservoir.
4	warom	[w@lwm] mind.
4	waromand	[wl@wmnd] doubtful.
4	waromandih	doubt.
4	warr	[LBWS8YA < A lbws8@] wool; garment.
4	warrag	[KNNA < ?; wlk\' | M wrg, N barra] lamb, ram; astr. Aries.
4	wars	[wls] hair.
4	warz	[wlc | M wrz, N barz] work, agriculture.
4	warz	[wlc | M wrc/z] miracle, miraculous power.
4	warz	[wlz | N gurz] club, mace.
4	warz warzisn	v. warzi1dan.
4	warzag	[wlc@k\' | (N warza1w)] ploughing (ox).
4	warzawand	[wlc@wnd | M wrc@wynd] having miraculous power, powerful.
4	warzbum	[wlcbwm] cultivated land.
4	warzidan warz	[wlc-ytn\' | N warzi1dan, warz-] work, act, practise; till; beget.
4	warzisn	work, tillage.
4	warzigar	[wlcykl | M wrzygr, N barzi1gar] worker, peasant.
4	was	[KBD < A kbyr; ws | = M, N bas] much, many, enough.
4	wasnad	[wsn@d | = P] for, on account of.
4	waspuhr	[w@spwhl] principal.
4	waspuhragan	[w@spwhlk@n\'] 1. special, particular; 2. courtier.
4	waspuhraganih	speciality.
4	wassad	[wst\' | N bussad] coral.
4	wassaden	[-yn\' | N -i1n] coralline.
4	wastar	[wstl = Av. wastra-] clothing, garment.
4	wastar	[wst@l | N bista1r] wilful, obstinate; over-confident.
4	wastarih	obstinacy; over-confidence.
4	wastar	[w@stl] pasture, fodder.
4	wastarag	[wstlg] = wastar.
4	wastaryos	[w@stlyws8 = Av. wa1stryo1.fs8uyant-] husbandman.
4	wastaryosih	husbandry.
4	wastohmag	[wstwhmk\'] having many seeds.
4	wasxwastag	[KBDhw@stk\'] wealthy, rich.
4	wasyar	[wsy(k)@l | N bisya1r] much, many.
4	was	[w@s8 | = P] straw, fodder.
4	wasag	[ws8k\' | N us8a?] a kind of beer.
4	wastag	[ws8tk\'] sick, ill.
4	wastagih	sickness, illness.
4	wastan ward	[ws8tn\', wlt- | M ws8tn, wrd-, N gas8tan, gard-] turn, return, wander; change.
4	wardisn	v. wardis8n.
4	wastan	[ws8tn\'] = wa1ri1dan.
4	wastih	[ws8tyh] = was8tagi1h.
4	wattar	[SLYtl, v. wad | M wtr, N bat(t)ar] worse, bad, evil.
4	wattarih	evil, wickedness.
4	wattom	[wttwm] worst.
4	waxr	[w@hl | (P wxr-)] crooked, distorted.
4	waxs	[whs8 | (M w@xs8)] spirit.
4	waxs	[whs8] profit, interest.
4	waxs waxsisn	v. ü1,ü2 waxs8i1dan.
4	waxsendag	[whs8ndk\' | P wxs8yndg] blazing, burning.
4	waxsgar	[whs8k6l] usurer.
4	waxsidan waxs	[whs8-ytn\' | P wxs8-] burn, blaze, kindle.
4	waxsidan waxs	[whs8-ytn\'] grow, wax.
4	waxsisn	growth.
4	waxsig	[whs8yk\'] spiritual.
4	waxswar	[whs8wl | N waxs8u1r] prophet.
4	waxswarih	prophethood.
4	waxtan waz	[w@htn\', w@c- | P w@xtn, w@c-] say, speak.
4	way	[w@d = Av. way-] bird.
4	way	[w@d = Av. wayu- | P wyw] air, atmosphere.
4	way i wattar	a demon.
4	way i weh	a divinity.
4	way	[w@d | M w@y, N wa1y] woe.
4	way	[w@d- | M w@y-] fly.
4	wayendag	[-(y)ndk\' | J w/b+@ynd@] bird.
4	wayidan 2way	[w@d-ytn\'] blow (of wind).
4	wayodagan	[wydwtk@n\' | M *wywdg@n, N bayo1ga1n(i1)] nuptials, marriage feast.
4	waz wazisnig	v. wazi1dan.
4	waz	[w@c | = M, (N ba1j8)] word, speech; `grace\' (before meals).
4	waz griftan	say `grace\'.
4	2waz wazisn	v. ü1,ü2 wa1zi1dan.
4	waz	v. wa1xtan.
4	wazag	[w@ck\'] utterance, saying.
4	wazag	[wzg+ | N wazag+, bazag+] frog.
4	wazar	[w@c@l | M w@c@r-, N ba1za1r] market.
4	wazaragan	[w@c@lk@n\' | M w@c@rg@n, N ba1za30rga1n] merchant.
4	wazaraganih	trade.
4	wazidan waz	[wc-ytn\' P wz-, N wazi1dan, waz-] move, blow (of wind).
4	wazisn	movement.
4	wazisnig	mobile.
4	wazidan waz	[w@c-ytn\'] move, carry away; fly.
4	wazisn	flight.
4	wazidan waz	[w@c-ytn\' | N ba1zi1dan] play.
4	wazig	[w@cyk\' | N ba1zi1] game, play.
4	wazr	[wzl] = ü3warz.
4	wed	[wyt\' | N be1d] willow.
4	weh	[S8PYL < A s8pyr; wyh | M why, wyh, N bih] better, good.
4	wehih	goodness.
4	wehden	[-dyn\' | N bih-di1n] of the good (Mazdean) religion.
4	wehm	[*wyyhm | M wyhm] large, wide, broad.
4	wehmih	width, breadth.
4	wem	[wym | = P] rock.
4	wemar	[wym@l | M wym@r, N be1ma1r] ill, sick.
4	wemarih	illness.
4	wen	[wyn\'] breath.
4	wen wenisnig	v. di1dan.
4	wenab	[wyn@p1 | N bi1na1b] vision.
4	wenabdag	[-d@k\', -t@k\'] visible.
4	wenag	[wyn@k\' | M wyn@g, N bi1na1] seeing.
4	wenagih	seeing, sight.
4	wenig	[wynyk\' | M wynyg, N bi1ni1] nose.
4	wenog	[wynwk\' | N bunu1] lentil.
4	wes	[wys8 | = M, N be1s8] more.
4	wesag	[wys8k\' | N be1s8a] thicket, wood.
4	wesagestan	[-st@n\'] woodland.
4	wesagig	[-yk\'] silvan.
4	wewag	[wdpk\' | N be1wa] widow.
4	wextan wez	[NSHWN-tn\' < A & nsh2; wyhtn\', wyc- | P wyxt-, N be1xtan, be1z-] sift, select, choose, separate, cleanse, purify, winnow.
4	wezisn	selection.
4	wextan wez	[wyhtn\', wyc-] swing, brandish, throw, pour out.
4	Widadafs	[wydtps8 = Av. wi1dad+afs8u1-] the south-western continent of the earth.
4	widang	[wtng | P wdng] trouble, distress, constraint.
4	widar	[wt@l | N guda1r] passage, entrance.
4	widarag	[wtlg | M wdr, N gud+ar] path, passage.
4	widardan wider	[wtltn\', wt(y)l- | M wd(y)r-, N gud+ar-] pass (by, away), cross, die.
4	widerisnih	passage, crossing, death.
4	widerisnig	transient.
4	widardan widar	[wt@l-tn\' | M wyd@r-, N gud+a1rdan] let pass, transport; endure, suffer.
4	widaridan	[wt@lytn\'] = wida1rdan.
4	widastan	[wts8tn\' | N gud+as8tan] = widardan.
4	widaxtan widaz	[wt@htn\', wt@c- | (P wd@c-), N guda1xtan, guda1z-] melt, dissolve.
4	widazihistan widazih	[wt@cyh-stn\'] be melted, dissolved.
4	wider widerisnigih	v. widardan.
4	wideran	[wt(y)l@n\' | N gud+ara1n] transient, dying.
4	widest	[wt(y)st\' | N bidast] (hand) span (9 in.).
4	widestig	[-yk\'] span-sized, midget.
4	widimas	[wtym@s | (M wyd@m@s)] wonder, miracle.
4	widimasig	[-yk\'] wonderful.
4	widimasih	miracle.
4	widimust	[wtymws8t | M wd(y)mws8t] astonished.
4	widimustih	astonishment.
4	widwar	[wytwl] contented, resigned, consoled.
4	widwarih	contentment, resignation, consolation.
4	wiftag	[wyptk\'] passive sodomite.
4	wigrad	[wgl@t\' | N bi1da1r] awake, alert.
4	wigradan wigras	[wgl@tn\', wgl@s- | M wygr@d, wygr@s-] awaken, rouse.
4	wigrasisnih	awakening.
4	wih	v. wistan.
4	wihanag	[wh@n(k)\', (b-) | M wh@ng, N baha1na] cause, reason.
4	wihez	[wyhyc-] | M whyz-] move, progress.
4	wihezag	[wyhyc(k\')] movement, progression.
4	wihezagagig	[-yk\'] movable; intercalary (year).
4	wihir	[whyl- | (M whwr-)] change.
4	wihirisn	change.
4	wimand	[wymnd | = M] boundary, frontier, limit.
4	wimandig wimandomand	[-yk\', -@wmnd] bounded, limited.
4	wimehgen	[wmyhkn\' | M wymyh-] *shapely.
4	wimustan	[wymws8tn\' | M wymrz- (< P)] spoil, destroy.
4	win	[wn\'] vina, lute.
4	winah	[wn@s | M wyn@h, N guna1h] sin, crime.
4	winahgar	[wn@sk@l | M wn@hg@r, (N guna1hka1r)] sinner.
4	winahgarih	sinfulness.
4	winahidan winah	[wn@s-ytn\' | M wyn@h-] spoil, damage, destroy.
4	winahisn	damage, destruction.
4	winastag	[wnstk\'] spoilt, corrupt.
4	windadan wind	[HS8KHWN-tn\' < A hs8kh2, & s8kh2; wnd@tn\' | M wynd@d, wynd-] find, obtain, acquire.
4	windisn	acquisition, earnings.
4	windisnig	findable.
4	winjisk	[wncs8k\' | N gunj8is8k, binj8is8k] sparrow.
4	winnardan winnar	[wyn@l-tn\' | M wyn@r-dn] order, fix, arrange.
4	winnarisn	arrangement.
4	winnirdan	[wynltn\' | M wynyrdn] be arranged, established; stay.
4	wir	[wyl | M wyyr] man, hero.
4	wir	[wyl | M wyr-, N bi1r] memory, mind.
4	wir	[wyl | N bi1r] thunderbolt.
4	wirastan wiray P wiraz	[wyl@stn\', wyl@d-, (wl@c-) | M wyr@st, wyr@y-, (P wyr@s8t, wyr@z-)] arrange, prepare, cultivate, restore.
4	wirastan wirayisnih P wirazisnih	arrangement, preparation.
4	wireg	[wlyk\' | N gure1g+] flight, escape.
4	wirextan wirez	[OLYKWN-tn\' < A & §rq; wlyhtn\', wlyc- | P wryxt, N gure1xtan, gure1z-] flee, escape.
4	wiromandih	[wyl@wmndyh | M wyrwmndyy] memory.
4	wirozag	[*wlwck\' | (P wrwc)] lightning.
4	wis	[wys | = M] village.
4	wisandan wisan	[ws@n-dn\'] separate.
4	wisanisnih	separation.
4	wisay	[ws@d- | M wys@y-] rest.
4	wisbed	[wyspt\' | M wysbyd] village headman.
4	wise	[wsydy | (P wsyd), N guse1] despatch.
4	wise kardan	send, despatch.
4	wisistan wisinn	[wsstn\', wsyn- | N gusistan, (gusil-)] break, split.
4	wisp	[wsp | M wysp] all, every.
4	wispurdan wispar	[wspwltn\'] tread, trample.
4	wist	[20; wyst\' | = M, N bi1st] twenty.
4	wistan wih	[S8DYTWN-tn\' < A & s8dh; wstn\'] shoot, throw.
4	wistarag	[wstl(g) | N bistar] bedding, cover.
4	wistardan wistar	[wstl-tn\' | N gustardan] spread.
4	wistax	[wst@hw\' | M wyst@h, N gusta1x, bista1x] confident, bold.
4	wistaxih	confidence, boldness.
4	wis	[w(y)s8 | M wys8, N gus8] poison, venom, bile.
4	wisad	[S8LYTWNt\', ws8@t\' | M ws8@d, N gus8a1d] open, wide, loose.
4	wisadan wisay	[S8LYTWN-tnü\' < A & s8rh; ws8@tn\' | M wys8@dn, (wys8@h-), N gus8a1dan, gus8a1y-] open, loose, free.
4	wisaddar	[S8LYTWNt\' BBA] hospitable.
4	wisaddwarisnih	[ws8@t\' dwb@ls8nyh] going about `open\', i.e. without kusti1g, or s8abi1g.
4	wisan	[ws8@n- | = P] shake down.
4	wisay	v. wis8a1dan.
4	wiskar	[ws8kl | N bis8gar(d)] hunting-ground, wilderness.
4	wiskidan wiskinn	[ws8kytn\', ws8kn-] divide, separate.
4	wiskinnisn	separation.
4	wiskofag	[ws8kwpk\' | N bis8ko1fa] blossom.
4	wiskuftan wiskof	[ws8kwp-tn\' | J gws8kwftn, gws8kwb+-] blossom; hatch.
4	wisob wisobisnig	v. wis8uftan.
4	wisomand	[ws8@wmnd] poisonous, venomous.
4	wisudag	[ws8wtk\' | (M ghwdg)] abortion, daevic creature.
4	wisudan	[ws8wtn\'] bear daevic offspring.
4	wisuftan wisob	[ws8wp-tn\' | M ws8wb-, N *gus8uftan] disturb, destroy.
4	wisobisn	destruction.
4	wisobisnig	destructible.
4	wixsay	[whs8d-] forgive, forbear.
4	wixsayisnih	forbearance.
4	wixsayisnig	forbearing.
4	wiyaban	[w(y)d@p1@n\' | P wy@b@n, N bi1a1ba1n] desert.
4	wiyaban	[wyd@p1@n\'] astray, wandering; deluded.
4	wiyabanih	delusion, deception.
4	wiyabanenidan wiyabanen	[wyd@p1@nyn-ytn\'] lead astray, deceive.
4	wiyaban wiyabagarih	[wyd@p1@nklyh] deception.
4	wiyabanig	[-yk\'] wandering, itinerant.
4	wiyaftan wiyab	[wd@p1tn\' | M wy@b-] open (the mouth).
4	wiyan	[wyd@n\' | M wy@n, N giya1n] tent.
4	wiyoz	[wydwc-] loosen, undo.
4	wiyufs	[wdwps-] make merry.
4	wiyufsisn	merry-making.
4	wiyufsisnig	merry.
4	wizandag	[wzndk\'] quaking.
4	wizandidan wizand	[wznd-ytn\'] tremble, quake.
4	wizandisn	quaking.
4	wizar	[wc@l | M wc@r] separation; explanation.
4	wizardan wizar	[wc@l-tn\' | M wyc@rd, wyc@r-, J bz@rd-, N guza1rdan] separate; explain, interpret; perform, fulfil, redeem.
4	wizarisn	decision; redemption.
4	wizardwars	[wc@lt\' wls] with parted hair.
4	wizastan wizay	[{#wyz@stn\', wyz@d- | M wyz@y-, N guza1y-] injure, impair, prejudice.
4	wizayisn	injury.
4	wizayisnig	injurious.
4	wizen	[wcyn\' | N guzi1n] choice.
4	wizend	[wz(y)nd | M wzynd, N guzand] hurt, harm, injury.
4	wizengar	[wcynkl] chooser; selective.
4	wizidan wizin	[wcytn\', wcyn- | M wcyd, N guzi1dan, guzi1n-] choose, select, prefer, discriminate.
4	wizihidan wizih	[w(y)cyh-ytn\'] be separated.
4	wizihisnih	separation; dawn(ing).
4	wizin	v. wizi1dan.
4	wizir	[wcyl] decision, judgement.
4	wiziristan wizir	[wcyl-stn\' | J bzyr-, N guzi1r-] be able to dispense with, avoid.
4	wizirisnig	avoidable.
4	wizistan	[wcstn\' | M wcyst] teach.
4	wizostan wizoh wizohy	[wcwstn\', wcwd- | (J bzwb-, N piz8o1hi1dan)] examine, investigate.
4	isn	investigation.
4	wizudan	[wyzwtn\'] = wiza1stan.
4	wizurd	[wcwlt\'] valid, genuine, true.
4	wizurdih	validity, truth.
4	Worubarst	[w@wklwbls8t\' = Av. wouru.bar‘s8ti1-] the north-western continent of the earth.
4	Worujarst	[w@wklwcls8t\' = Av. wouru.j8ar‘s8ti1-] the north-eastern continent of the earth.
4	wurroyistan wurroy	[HYMNN-stn\' < A hymn, & @mn | M wrwyst, (wrw-), J *brwy-, grww-, N brw-, girawi1dan] believe; choose.
4	wurroyisn	[wlwds8n\'] belief.
4	wuzurg	[LBA < A rb@; wc(w)lg | M wzrg, N buzurg] big, great.
4	wuzurgih	size, greatness.
4	wuzurgframadar	[LBA plm@t@] prime minister.
4	xak	[APLA < A §pr@; h@k\' | N xa1k] earth, dust.
4	xam	[h@m | N xa1m] crude, raw.
4	xamiz	[h@myc | N xa1mi1z] pickled meat.
4	xamos	[h@mws8 | N xa1mo1s8] silent.
4	xan	[h@n\' | P x@n, N xa1n] house.
4	xan ud man	house and home, dwelling.
4	xan	[h@n\' | P x@n] spring, source.
4	xanag	[BYTA < A byt@; h@nk\' | N xa1na] = ü1xa1n.
4	xandidan xand	[*GHBHWN-ytn\' < A & gh2k, or & *qh2qh2; hnd-ytn\' | (M xnyst), N xandi1dan, xand-] laugh.
4	xanig	[h@nyk\' | M x@nyg, N xa1ni1] = ü2xa1n.
4	xar	[HMRA < A h2mr@; hl | N xar] donkey, ass.
4	xar	[h@l | M x@r, N xa1r] thorn.
4	xarbuz	[hlbwc | M xrbwz] oryx.
4	xargos	[hlgws8 | N xar-go1s8] rabbit, hare.
4	xaromand	[h@l@wmnd] thorny.
4	xarpust	[h@lpws8t\' | N xa1r-pus8t] porcupine, hedgehog.
4	xastan	[hstn\' | M xst, N xastan] wound, injure.
4	xasen	[hs8yn\' | N xas8i1n] (dark) blue.
4	xayag	[h@d(y)k\' | N xa1ya] egg.
4	xayagdes	[-dys] oval, egg-shaped.
4	xayug	[h(@)dwk\' | N xayu1] saliva, spittle.
4	xaz	[hz | N xaz] marten.
4	xem	[hym] nature, character.
4	xesm	[#@ys8m, hs8m | M xys8m, N xis8m] anger; the demon Wrath.
4	xesmen	[-yn\' | M -yn] angry.
4	xindag	[hyndk\' | M xyndg] ill, sick.
4	xindagih	illness, sickness.
4	xir	[CBW\' < A s2bw; hyl | M xyr] thing, matter.
4	xirs	[hls | N xirs] bear.
4	xist	[hs8t\' | (P hys8tyg), N xis8t] brick.
4	xog	[hwk\' | N xwk, xo1y] nature, character, disposition.
4	xon	[DMYA < A dm@; hwn\' | M xwn, N xu1n] blood.
4	xorma	[Tüg < A tmryn; hwlm@k\' | N xorma1] date.
4	xrad	[hlt\' | M xrd, N xirad] wisdom, reason.
4	xradig xradomand	[-yk\', -@wmnd | N -mand] wise.
4	xrafstar	[hlpstl = Av. xrafstra-] reptile, noxious creature.
4	xridan xrin	[ZB6NN-tn\' < A & zbn | M xryd, xryn-, N xari1dan, (xar-)] buy.
4	xrohak	[hlwhk\' | N xro1hak] coral.
4	xros	[DYLKA < A dkr@; hlws | P xrws, N xuro1s] cock.
4	xrostan	[hlwstn\' | M xrwst] call, cry.
4	xub	[hwp | M xwb, N xu1b] good.
4	xubih	goodness.
4	xuftan xufs	[HLMWN-tn\' < A & h2lm; hwptn\', hwps- | M xwpt, N xuftan, xusp-] sleep.
4	xug	[HZWLYA < A h2zyr@; hwk\' | N xu1g] pig.
4	xukarag	[hwkl(k\') | N xu1kara] hedgehog.
4	xumb	[hwmb\' | M xwmb, N xumb] jug, pitcher.
4	xunak	[hwnk\' | M xwnk, N xunuk] happy; cool.
4	xurdrus	[hwldlws8, -dlps8 = Av. xrwidrus8] `with a bloody club\' (epithet of Xe1s8m, later misinterpreted as *ul-drafs8 `*with raised banner\').
4	xwab	[hw@b | N xwa1b] sleep.
4	xwabar	[hw@p1l | M xw@br] beneficent.
4	xwabarig	[-yk\' beneficial.
4	xwabarih	beneficence, benefit.
4	xwad	[BNPS8E < A b-nps8-h; hwt\' | M xwd, N xwad] self; indeed.
4	xwadih	selfhood, essence.
4	xwaday	[hwt@y | M xwd@y, N xwada1y] lord.
4	xwadayih	lordship, sovereignty.
4	xwadaywar	[-w@l] lordly.
4	xwaddosag	[hwtdws8k\'] self-indulgent.
4	xwaddosagih	self-indulgence.
4	xwah	[AHTE < A @h2th | N xwah] sister.
4	xwah xwahisn	v. xwastan, xwa1stan.
4	xwahar	[AHTEl, v. xwah; hw@hl | (M xw@r), N xwa30har] sister.
4	xwahl	[hw@hl | (M xwhr), N xwahl] bent, crooked.
4	xwahrih	[hw@(h)lyh | M xw@ryy] happiness, bliss.
4	xwalist	[hw@lyst\' | (M xw@ryst)] sweetest.
4	xwamn	[hwmn\', h6mn\' | M xwmn] sleep, dream.
4	xwamnwizar	[-wc@l] interpreter of dreams, oneirocritic.
4	xwan	[hw@n\' | M xw@n, N xwa1n] tray, table.
4	xwandan xwan	[KRYTWN-, KLYTWN-tn\' < A & qr@ | M xwnd, xw@n-, N xwa1ndan] call, summon.
4	Xwanirah	[hwnyls = Av. xüvanirat+a-] the central, inhabited continent of the earth.
4	xwar	[hwl | M xwr, N xwar] sun; cal 11th day.
4	xwar	[hwl = Av. xüvara-] a degree of sin.
4	xwar xwarisn	v. xwardan.
4	xwar	[hw@l | M xw@r, N xwa1r] light, easy; mean, abject.
4	xwarih	ease; v. also xwa1hri1h.
4	xwar	[hw@l | M xw@r] food.
4	xwar xwarisn	v. xwa1ri1dan.
4	xwaran	[hwln\' | M xwrn] banquet.
4	xwarasan	[hwl@s@n\' | M xwr@s@n, N xwara1sa1n] sunrise, east.
4	xwarbar	[hw@lb@l | M xw@r w b@r, N xwa1r-ba1r] food and drink.
4	xwardan xwar	[OS8TEN-tn\' < A @s8th, & s8th; hwltn\' | M xwrdn, xwr-, N xwardan, xwar-] eat, consume.
4	xwarisn	food.
4	xwarisnig	edible.
4	xwarisnih	eating, consumption.
4	xwardar	[hwlt@l] (legally) edible, not murda1r.
4	xwardig	[hwltyk\' | M xwrdyg, N xwardi1] food.
4	xwaren	[hw@lyn\'] edible.
4	xwaren	[hw@lyn-] cause to eat, drink; feed; irrigate.
4	xwarg	[hwlg] | J xwwrg] ember.
4	xwaridan xwar	[hw@l-ytn\'] drink.
4	xwarisn	drink, drinking.
4	xwarofran	[hwl(@)wpl@n\'] | M xwrwpr@n] sunset, west.
4	xwarrah	[GDE < A gdh | (M prh, N farr)] fortune, glory, splendour.
4	xwarrahomand	[-@wmnd] fortunate, glorious.
4	xwarsed	v. xwarxs8e1d.
4	xwartar	[hw@ltl] minor (sins).
4	xwarwaran	[hwlwl@n\', -bl@n\'] = xwaro1fra1n.
4	xwarxsed	[hwl(h)s8yt\' | M xwrxs8yd, N xurs8e1d] sun.
4	xwastag	[NKSYA < A nksy@; hw@stk\' | M xw@stg, N xwa1sta] property, wealth.
4	xwastagomand	[-@wmnd] wealthy.
4	xwastan 1xwah	[(Y)PLHWN-tn\' < A & plh2; hwstn\', hw@d- | J xwh-, N xwast] tread, trample; thresh.
4	xwahisn	trampling.
4	xwastan 2xwah	[BOYHWN-stn\' < A & b§y; hw@stn\', hw@d- | M xw@stn, xw@h-, N xwa1stan,ü2xwa1h-] seek, want, desire; attract, acquire.
4	xwahisn	desire, attraction.
4	xwastug	[hwstwk\' | N xustu1] confessing, believing.
4	xwastugih	confession, belief, faith.
4	xwas	[BSYM < A bsym; hws8 | M xws8, N xwas8] pleasant, sweet, nice.
4	xwasih	pleasantness, pleasure.
4	xwed	[hwyt\' | M xwyd, N xwe1d] moist, fresh.
4	xwedih	moisture, freshness.
4	xwedodah	[hwytw(k)ds, -d@t\' = Av. xüvae1twadat+a-] kin-marriage.
4	xwenahan	[hw(y)n @syn\' = Av. xüvae1na-(ayah-)] shining metal.
4	xwes	[NPS8E < A nps8-h; hwys8 | M xwy(b)s8, N xwe1s8] (one\'s) own.
4	xwesih	possession.
4	xwesawand	[hwys8@wnd | N xwe1s8a1wand] relative, kinsman.
4	xwesenidan xwesen	[hwys8yn-ytn\'] appropriate, make one\'s own.
4	xweskar	[hwys8k@l] dutiful.
4	xweskarih	proper function.
4	xwestan	[NPS8E tn\' | N xwe1s8-tan] self.
4	xwey	[hwyd | N xway] sweat, perspiration.
4	xwistan	[hwystn\'] sweat, perspire.
4	xwurd	[hwlt\' | N xwurd] small, little.
4	xwurdag	[hwltk\' | N xwurda] something small, particle; astr. lunar mansion; (horse\'s) pastern.
4	xwurdagih	smallness.
4	yad	[yt\' | P yd] until; so that.
4	yak	v. e1k.
4	yakand	[y@knd,-nt\' | P y@kwnd, N ya1kand] ruby.
4	yal	[yl+ | N yal] hero.
4	yasaman	[y@smn\' | N ya1saman] jasmine.
4	yask	[ysk\' | = M] illness, sickness.
4	yasn	[ysn\' | = M] adoration, worship.
4	yast	[ys8t\' | = M] prayer, worship.
4	yastan yaz	[YD6BHWN-tn\' < A ydbh2wn, & dbh2; ys8tn\', yc- | M yz-] worship, celebrate, recite.
4	yazisn	worship.
4	yat	[y@t\' = Av. ya1ta-] a degree of sin.
4	yawedan	[y@wyt(@n)\' | P y@wyd(@n)] always, eternally.
4	yaz yazisn	v. yas8tan.
4	yazd	[yz6dt\' | M yzd, N yazd] god, divinity.
4	yazdah	[y@cdh | M y@zdh, N ya1zdah] eleven.
4	yazdan	[yz6d@n\'] (pl.) gods, spirits.
4	yojdahr	[yws8d@sl | M ywjdhr] holy, pure.
4	yojdahrih	holiness, purity.
4	yojdahrgar	[yws8d@slkl] purifier.
4	yojdahrgarih	purification, sanctification.
4	yoz	[ywc | N yo1z] cheetah, hunting leopard.
4	zadag	[z@tk\' | M z@dg, N za1da] born; child.
4	zadan zan	[MHYTWN-tn\' < A & mh2@; ztn\', zn- | M zdn, zn-, N zadan, zan-] hit, beat, strike, smite.
4	zanisn	blow, smiting.
4	zadan zay	[Y6LYDWN-tn\' < A & yld; z@tn\' | M z@d, z@y-, N za1dan, za1y-] bear (offspring); be born.
4	zayisn	birth.
4	zayisnig	born, engendered, animal.
4	zadar	[zt@l] smiter; destructive.
4	zadug	[ztwk\' | (N z8ad)] gum.
4	zafar	[zpl | N zafar] mouth, maw (daevic.)
4	zaha	[zh@(k\')] depth.
4	zahabag	[zh@p1k\' | N zaha1b] spring, source.
4	zahag	[zhk\', (z@hk\') | M zhg, N zah] child, offspring.
4	zahag	[z@hk\'] element (water, fire, air, earth).
4	zahagomand	[zhk@wmnd] pregnant, gravid.
4	zahar	[zh@l | N zaha1r] womb.
4	zahih	[zhyh] = zaha1.
4	zahr	[z@hl | M zhr, N zahr] poison, venom.
4	zahrag	[z(@)hlk\' | N zahra] bile, gall.
4	zalug	[zl+wk\' | N zalu1] leech.
4	zam	[zm | P zmg] winter.
4	zaman	[ODNA < A §dn@; z6m@n\', zmn\' | M zm@n, N zama1n] time, hour.
4	zamanag	[z6m@nk\'] = zama1n.
4	zamanig	[z6m@nyk\'] prescribed.
4	zamenidan zamen	[z@myn-ytn\' | M z@myn-] lead, send.
4	zamestan	[z6mst@n\' | (M dmyst@n), N zamesta1n] winter.
4	zamig	[z-, z6myk\' | M zmyg, N zami1] earth.
4	zamigig	[-yk\'] terrestrial, earthly.
4	zamigpaymanih	[-ptm@nyh] geometry.
4	zamyad	[*z@md@t\' (misreading of z@myz6dt\' = za1m-yazd?) | M z@my@d, N za1mya1d] cal. 28th day.
4	zan	[NYS8E < A ns8h; zn\' | = M, N zan] (pl. -a1n, -i1n) woman, wife.
4	zan zanisn	v. zadan.
4	zand	[znd | N zand] commentary, explanation, Zend.
4	zand	[znd | = M] district, tribe.
4	zandag	[zndk\' | N zanda] rampant.
4	zandbed	[zndpt\' | M zndbyd] headman of a district, tribe.
4	zandik	[zndyk\' | N zandi1k] heretic, Manichaean.
4	zandikih	heresy.
4	zang	[zng] ankle, shank.
4	zangig	[zngyk\' | N zangi1] negro.
4	zanjir	[zncyl | (P zyncyhr), N zanj8i1r] chain.
4	zanug	[z@nwk\' | P z@nwg, N za1nu1] knee.
4	zard	[zlt\' | N zard] yellow.
4	zardih	yellowness.
4	zardag	[zltk\' | N zarda] (egg) yolk.
4	zardak	[zltk\' | N zardak] safflower.
4	zardalug	[zlt@lwk\' | N zarda1lu1] apricot.
4	zardcobag	[-cwpk\' | N zardc8o1ba] turmeric.
4	Zarduxst	[zltw(h)s8t\' | (M zrdrws8t), N Zardus8t] Zarat+us8tra, Zoroaster.
4	zargon	[zlgwn\' | P zrgwng, N zaryu1n] golden, green, fresh.
4	zargonih	greenness.
4	zarig	[zlyk\' | M zryg] sorrow, grief.
4	zarigomand	[-@wmnd] sad, sorrowful.
4	zarman	[zlm@n\' | M zrm@n-, N zarma1n] old man; old age, decrepitude.
4	zarmanih	old age.
4	zarr	[ZHBA < A zh2b@; DHBA < A dh2b@ | M zr-, N zarr] gold.
4	zarren	[ZHBAyn\', zlyn\' | M zryn, N zarri1n] golden.
4	zarrigar	[zlykl | N zarrgar goldsmith.
4	zarwan	[zlwp@n\' | P zrw@n] old age.
4	zastan zay	[zstn\', z(@)d-] ask, demand.
4	zaxm	[ztm, z@hm | (P jxm), N zaxm] wound.
4	zay	[zydy1 = Av. zaya-] instrument, weapon.
4	zay	v. zastan.
4	zay zayisnig	v. za1dan.
4	zaycag	[z@yc(k\') | N za1yc8a] horoscope.
4	zayistan	[z@dstn\'] = zastan.
4	zayt	[zyt\'] olive.
4	zaz	[z@z | = M, (N z8a1z8)] weed, useless plant.
4	zefan	[zyp@n\' | (N zi1f)] wrong, vile.
4	zen	[zyn\' | = M] weapon, armour.
4	zen	[zyn\' | N zi1n] saddle.
4	zenabzar	[zyn@p1c@l | N zi1nafza1r] horse-armour.
4	zenawand	[zyn@wnd] alert, vigilant.
4	zendan	[zynd@n\' | = M, N zinda1n] prison.
4	zendanban	[-p@n\' | N -ba1n] jailer.
4	zendanig	[-yk\' | N -i1] prisoner.
4	zenenidan zenen	[zynyn-ytn\'] look after, preserve.
4	zenhar	[zynh@l | N zinha1r] protection.
4	zenig	[zynyk\'] armed.
4	zibal	[zb@l | N zi1ba1l] swift (horse, etc.).
4	zih	[zyh | N zih] bow-string.
4	zindag	[zy(w)ndk\' | M zyndg, N zinda] alive, living.
4	zindagih	life.
4	zindakkar	[zywndkkl | M zyndkr] vivifier, reviver.
4	zinenidan zinen	[zynyn-ytn\'] damage, harm.
4	zirak	[zylk\' | M zyr, N zi1rak] wise, clever.
4	zistan	v. zi1wistan.
4	zist	[zys8t\' | = P, N zis8t] hateful, ugly.
4	ziwenidan ziwen	[zywyn-ytn\' | M zywyn-] vivify, revive.
4	ziwistan ziw	[zyw-stn\' | M zywystn, zyw-, N zi1stan] live.
4	ziwisn	[zyws8n\' | M zyys8n] life; livelihood.
4	ziwisnih	life, living.
4	ziwisnomand	[-@wmnd] living, alive.
4	ziyanag	[zyd@nk\'] young woman.
4	ziyisn	v. zi1(w)is8n.
4	zofay	[zwp@d | M zwp@y] deep; depth.
4	zofayih	depth.
4	zofr	[zwpl | M zwwpr, J zwrf, (N z8arf)] deep.
4	zofray	[-@d] depth.
4	zofrpayag	[-p@dyk\'] deep.
4	zohr	[zwhl | M zwhr] libation, offering.
4	zor	[z(@)wl | M zwr, N zo1r] power, strength.
4	zorig zoromand	[-yk\', -@wmnd | M -mnd, N zo1rmand] powerful, strong.
4	zot	[zwt\' = Av. zaotar-] first officiating priest.
4	zotih	office of zo1t.
4	zraw	v. zruftan.
4	zreh	[zlyh | P zryh] sea, lake.
4	zreh	[zlyh] | N zirih] armour.
4	zruftan zraw	[zlwp-tn\'] = azruftan.
4	zud	[zwt\' | M zwd, N zu1d] quick(ly).
4	zudih	speed.
4	zur	[zwl | M z§wr] false, deceitful.
4	zurgugay	[zwlgwk@dy | M zwrgwg@y] false witness.
4	zurgugayih	false testimony.
4	zurwan	[zwlw@n\'] time; the god Time, Zurvan.
4	zuwan	[zwb@n\'] = uzwa1n.
4	zuzag	[zwzk\' | (N z8u1z8a)] hedgehog.
4	zyan	[zyd@n\' | M zyy@n, N ziya1n] loss, harm, damage.
4	zyangar zyanomand	[-k@l,-@wmnd] harmful.
